,FoldX,RosettaTalarisInterfacedGcross,RosettaTalarisInterfacedGseparated,RosettaTalarisPose,RosettabetaInterfacedGcross,RosettabetaInterfacedGseparated,RosettabetaPose,dTERMenC34,dTERMenC35,rmsd
MCL1_HUMAN_3PK1_A_holo_MCL1_HUMAN_3PK1_C_holo,0.852551026168,0.764847673063,0.772241300941,0.663716448946,0.709783348056,0.709783348056,0.656958450936,0.960478388819,0.975294684709,0.03339903053
MCL1_HUMAN_3KZ0_A_holo_MCL1_HUMAN_3KZ0_B_holo,0.911448529558,0.821653884213,0.82942702029,0.751148695573,0.756512852331,0.756512852331,0.644493159792,0.85951256942,0.923076032564,0.172454291474
B2CL1_HUMAN_2P1L_C_holo_B2CL1_HUMAN_2P1L_G_holo,0.69204810585,0.610001593308,0.61139894559,0.423768231862,0.408457275514,0.408457275514,0.38988550864,0.841143568293,0.88416038895,0.180524299736
B2CL1_HUMAN_2P1L_A_holo_B2CL1_HUMAN_2P1L_C_holo,0.429792189581,0.651216742672,0.659223441595,0.50944192924,0.443071202274,0.443071202274,0.392232111668,0.880210821244,0.903394732228,0.192786849794
B2CL1_HUMAN_2P1L_A_holo_B2CL1_HUMAN_2P1L_E_holo,0.449774486645,0.603325163739,0.609956259967,0.440814184675,0.509438856848,0.509438856848,0.443975761229,0.861607398712,0.905151715907,0.208053155056
MCL1_HUMAN_5C6H_K_holo_MCL1_HUMAN_5C6H_M_holo,0.828295522809,0.650880183014,0.663037696574,0.528308350651,0.668109427682,0.668106817242,0.49726487895,0.840459724662,0.889329328871,0.21384885706
MCL1_HUMAN_2NL9_A_holo_MCL1_HUMAN_2PQK_A_holo,0.805212361985,0.758730288085,0.764547534308,0.583493184165,0.735553775771,0.735553775771,0.686168069087,0.923788108857,0.940395867705,0.21992587561
B2CL1_HUMAN_2P1L_E_holo_B2CL1_HUMAN_2P1L_G_holo,0.771003864904,0.639701657357,0.647160747756,0.450430108261,0.396016665489,0.396016665489,0.396621525634,0.871987807591,0.916397272584,0.2232373419
MCL1_HUMAN_2PQK_A_holo_MCL1_HUMAN_3KJ1_A_holo,0.808028928334,0.776648837209,0.782868727407,0.551876177841,0.732060664516,0.732060664516,0.648533044925,0.923034276604,0.946908692143,0.242505152113
B2CL1_HUMAN_2P1L_C_holo_B2CL1_HUMAN_2P1L_E_holo,0.797787946032,0.618304446741,0.621858873993,0.412065897622,0.430246246256,0.430246246256,0.404664955791,0.836438437492,0.908901380297,0.243811260605
MCL1_HUMAN_5C6H_M_holo_MCL1_HUMAN_5C6H_Q_holo,0.907857679108,0.660354073331,0.672638057448,0.529651433838,0.663620355583,0.663620355583,0.470467277913,0.885340462104,0.942901620906,0.2490616025
MCL1_HUMAN_5C6H_M_holo_MCL1_HUMAN_5C6H_W_holo,0.849797083083,0.614846520331,0.629266692616,0.485537091688,0.659026150543,0.659026150543,0.447627326588,0.870858744451,0.88894641336,0.250254544113
MCL1_HUMAN_3D7V_A_holo_MCL1_HUMAN_3KJ2_A_holo,0.809093223495,0.845587845367,0.854440198059,0.611918752227,0.785678446972,0.785678446972,0.647408010415,0.806651038494,0.882941963753,0.25175395465
B2CL1_HUMAN_2P1L_A_holo_B2CL1_HUMAN_2P1L_G_holo,0.610757129597,0.610925297456,0.616103421064,0.48659394497,0.389293713297,0.389293713297,0.382537690202,0.901690135249,0.907398544568,0.251905694489
MCL1_HUMAN_5UUM_A_holo_MCL1_HUMAN_5UUM_B_holo,0.844675148551,0.675028993185,0.682014649816,0.452926059427,0.58765062214,0.58765062214,0.498775245186,0.913292223058,0.920796681325,0.255588435339
MCL1_HUMAN_5C6H_G_holo_MCL1_HUMAN_5C6H_Q_holo,0.88666085039,0.666276070198,0.683694996107,0.541716450596,0.637975772675,0.637937731694,0.527560609117,0.831132971841,0.900533125448,0.256244805933
MCL1_HUMAN_5C6H_A_holo_MCL1_HUMAN_5C6H_C_holo,0.710669649786,0.603175825286,0.614073693418,0.253005920617,0.678008018142,0.67802787013,0.411305914725,0.826539364807,0.826266071541,0.257370650397
MCL1_HUMAN_5C6H_C_holo_MCL1_HUMAN_5C6H_Q_holo,0.879688812325,0.631198671336,0.650431019547,0.502241026704,0.668711579572,0.668712879676,0.522797478595,0.769868748236,0.873652081161,0.276780030598
MCL1_HUMAN_5C6H_A_holo_MCL1_HUMAN_5C6H_Q_holo,0.671919729927,0.64118907557,0.6493817326,0.262930251,0.651360228016,0.651360228016,0.355432975883,0.76597775876,0.835412007806,0.284666004006
MCL1_HUMAN_5C6H_Q_holo_MCL1_HUMAN_5C6H_W_holo,0.854964520514,0.651813047495,0.668504419451,0.521851203337,0.663677280375,0.663677280375,0.471637305816,0.800257109478,0.888646390522,0.286322886596
MCL1_HUMAN_5C6H_K_holo_MCL1_HUMAN_5C6H_Q_holo,0.858427054827,0.679707578057,0.695942504336,0.583363490271,0.67102390578,0.671024158103,0.523426876043,0.852680973137,0.903107221191,0.293680558663
MCL1_HUMAN_5C6H_G_holo_MCL1_HUMAN_5C6H_W_holo,0.848140194449,0.654331880625,0.668918578194,0.501787113388,0.634546164211,0.634565094849,0.493981881927,0.903690956866,0.93365965817,0.308175416842
MCL1_HUMAN_5C6H_C_holo_MCL1_HUMAN_5C6H_O_holo,0.870841849786,0.63164482977,0.647014537002,0.475464982051,0.675527250051,0.675507839128,0.548315908163,0.880585555225,0.920438359458,0.309523484079
MCL1_HUMAN_5C6H_A_holo_MCL1_HUMAN_5C6H_M_holo,0.716909637346,0.606284945225,0.611642372467,0.265206032463,0.648417793857,0.648417793857,0.359765320999,0.789282425393,0.827121335905,0.311223952803
MCL1_HUMAN_5C6H_I_holo_MCL1_HUMAN_5C6H_W_holo,0.80677120209,0.603825814643,0.615611891647,0.422401980464,0.440727957425,0.440727957425,0.290188810338,0.817476516082,0.879477210529,0.317914482038
MCL1_HUMAN_5C6H_G_holo_MCL1_HUMAN_5C6H_M_holo,0.85816685943,0.658102476074,0.675027575179,0.520722684989,0.66150364266,0.661489589529,0.505478012762,0.88804514237,0.922074241083,0.320469272741
MCL1_HUMAN_5C6H_C_holo_MCL1_HUMAN_5C6H_M_holo,0.89151629423,0.642909995317,0.658422673174,0.461979386755,0.651681267711,0.651659289691,0.486463127972,0.850784628955,0.896550536331,0.325207961931
MCL1_HUMAN_5C6H_C_holo_MCL1_HUMAN_5C6H_G_holo,0.794024855139,0.622012368636,0.645679259239,0.480048075987,0.651848785285,0.651854472658,0.580916384477,0.907655009783,0.919231497408,0.325430966715
MCL1_HUMAN_5C6H_G_holo_MCL1_HUMAN_5C6H_K_holo,0.828545160772,0.67486729368,0.688562782881,0.542677834233,0.660386353718,0.660383724344,0.575232551447,0.754455753433,0.853603334767,0.325869952564
B2LA1_HUMAN_3MQP_A_holo_B2LA1_HUMAN_4ZEQ_A_holo,0.494881976417,0.627108142015,0.610892564303,0.540226498659,0.523668432628,0.523668432628,0.360131343399,0.6833502583,0.769997296443,0.331624621645
MCL1_HUMAN_5C6H_K_holo_MCL1_HUMAN_5C6H_U_holo,0.82044011014,0.663967101122,0.677399669523,0.510769957386,0.666300213337,0.666299308628,0.563637955954,0.737168232808,0.822261034312,0.337148909574
MCL1_HUMAN_5C6H_C_holo_MCL1_HUMAN_5C6H_I_holo,0.879894138055,0.620344740646,0.637727608384,0.383254389551,0.498533147725,0.498546979263,0.361502537479,0.799802641859,0.88026686662,0.340523767555
MCL1_HUMAN_5C6H_A_holo_MCL1_HUMAN_5C6H_W_holo,0.553872594313,0.640886536678,0.649168290741,0.254972541289,0.603389596273,0.603389596273,0.348068279501,0.806823506914,0.794942639768,0.341626203498
MCL1_HUMAN_5C6H_A_holo_MCL1_HUMAN_5C6H_K_holo,0.587933314563,0.650573083593,0.657488052122,0.275931265613,0.673096378732,0.673097628075,0.388362489009,0.701073928577,0.795791625422,0.345801444818
MCL1_HUMAN_5C6H_I_holo_MCL1_HUMAN_5C6H_Q_holo,0.86735943766,0.598674220758,0.613240726279,0.448850571901,0.441514665967,0.441514665967,0.341704455654,0.807875129788,0.832255315963,0.348680451207
MCL1_HUMAN_2NL9_A_holo_MCL1_HUMAN_3KJ1_A_holo,0.890395286896,0.779419758912,0.784274079905,0.561778459513,0.738329564804,0.738329564804,0.662315955867,0.893117354572,0.926388692708,0.352225164177
MCL1_HUMAN_5C6H_C_holo_MCL1_HUMAN_5C6H_W_holo,0.829278719615,0.599086812048,0.617544922143,0.457306155247,0.636737210111,0.636758909956,0.473789553902,0.887544740118,0.896856448289,0.355073074298
MCL1_HUMAN_5C6H_C_holo_MCL1_HUMAN_5C6H_K_holo,0.820660914732,0.616234032378,0.637906951888,0.483319754316,0.679462853777,0.679465042912,0.555939461371,0.696641779442,0.822706136574,0.3570357773
MCL1_HUMAN_5C6H_C_holo_MCL1_HUMAN_5C6H_U_holo,0.850121478713,0.648140901008,0.668479000034,0.46069870766,0.660164560074,0.660196408594,0.559091986424,0.654705291913,0.704414644798,0.359005625283
MCL1_HUMAN_5C6H_U_holo_MCL1_HUMAN_5C6H_W_holo,0.795998404923,0.652544972917,0.665563793514,0.463854626425,0.620291568506,0.620291568506,0.481636443602,0.721725284267,0.769620162734,0.360708260533
MCL1_HUMAN_5C6H_Q_holo_MCL1_HUMAN_5C6H_U_holo,0.84353873438,0.627250445774,0.646056513119,0.550432898139,0.619819790966,0.619819790966,0.518812857278,0.842422575223,0.812568248983,0.361304330468
MCL1_HUMAN_5C6H_K_holo_MCL1_HUMAN_5C6H_W_holo,0.803969117474,0.718890269822,0.730449396949,0.534618182964,0.670260189608,0.670259497265,0.490148175631,0.755839229797,0.834663762069,0.361940227845
MCL1_HUMAN_5C6H_K_holo_MCL1_HUMAN_5C6H_O_holo,0.849032649644,0.649296142874,0.663802309614,0.531221941473,0.669493237264,0.669496479541,0.541263120752,0.784167175987,0.8388098965,0.36262533307
MCL1_HUMAN_5C6H_G_holo_MCL1_HUMAN_5C6H_U_holo,0.812973364274,0.619772359913,0.636992337274,0.485428380398,0.635817384896,0.635798331608,0.584613347972,0.750380202845,0.763710778411,0.363279757286
MCL1_HUMAN_5C6H_I_holo_MCL1_HUMAN_5C6H_M_holo,0.856454090804,0.567704545741,0.579900060432,0.402170070293,0.47612277978,0.47612277978,0.300406150954,0.780634890673,0.830548645037,0.36779282725
MCL1_HUMAN_5C6H_M_holo_MCL1_HUMAN_5C6H_U_holo,0.844423836217,0.624776449404,0.638411311805,0.465855405043,0.623313495952,0.623313495952,0.477252883147,0.737386447675,0.783114508041,0.370269436541
MCL1_HUMAN_5C6H_A_holo_MCL1_HUMAN_5C6H_I_holo,0.700133417822,0.58690645552,0.59206420427,0.294360287204,0.485493039619,0.485493039619,0.299804699848,0.723311841436,0.763630438696,0.372579060651
MCL1_HUMAN_5C6H_G_holo_MCL1_HUMAN_5C6H_O_holo,0.904131973376,0.662057020571,0.67709107311,0.52451029081,0.664314006036,0.664316622468,0.571707991141,0.915095481654,0.945360266436,0.373853618673
MCL1_HUMAN_5C6H_I_holo_MCL1_HUMAN_5C6H_U_holo,0.800321901911,0.617882703129,0.635707880959,0.430121414398,0.498200202044,0.498200202044,0.365725961038,0.807766467963,0.770266398902,0.375053103939
MCL1_HUMAN_5C6H_O_holo_MCL1_HUMAN_5C6H_Q_holo,0.90002066807,0.671151303498,0.685545474292,0.539158224795,0.666143292431,0.666130014232,0.519487428466,0.815096130085,0.883435025686,0.377534555732
MCL1_HUMAN_5C6H_M_holo_MCL1_HUMAN_5C6H_O_holo,0.881510055089,0.642880608179,0.657603808312,0.517466685887,0.659602764768,0.659602111078,0.499004225167,0.875768361234,0.904186824141,0.379803946976
MCL1_HUMAN_5C6H_I_holo_MCL1_HUMAN_5C6H_O_holo,0.869626971,0.576895654938,0.588954874781,0.413443741995,0.496223181224,0.496222969374,0.360592790727,0.821000622004,0.888049462239,0.379864364207
MCL1_HUMAN_5C6H_G_holo_MCL1_HUMAN_5C6H_I_holo,0.810586561189,0.578958693653,0.596853249792,0.418329050533,0.484635495352,0.484562539343,0.372638434155,0.851191687233,0.879196579382,0.382203479479
MCL1_HUMAN_5C6H_O_holo_MCL1_HUMAN_5C6H_U_holo,0.849116267034,0.628251935784,0.643787222712,0.482082955321,0.635941380752,0.635940313735,0.548941320466,0.713151606313,0.735048394836,0.385074970168
MCL1_HUMAN_5C6H_A_holo_MCL1_HUMAN_5C6H_G_holo,0.544594569749,0.649263647467,0.655188592463,0.26856319799,0.634022046918,0.634024460737,0.400175446229,0.79904720761,0.822092527483,0.391403710877
MCL1_HUMAN_5C6H_A_holo_MCL1_HUMAN_5C6H_O_holo,0.650383127362,0.635640021261,0.64319907667,0.23440922533,0.666077316065,0.666071706059,0.381319660174,0.822254164619,0.81581903712,0.395698150514
MCL1_HUMAN_5C6H_O_holo_MCL1_HUMAN_5C6H_W_holo,0.858805290663,0.640993544433,0.656972262153,0.491528516192,0.649064819527,0.649057488512,0.467862837249,0.8840887268,0.925771288811,0.409631926557
MCL1_HUMAN_5C6H_A_holo_MCL1_HUMAN_5C6H_U_holo,0.645447702122,0.63111768108,0.638832437689,0.320129484936,0.652589946498,0.652589946498,0.407843751109,0.621748488899,0.651715246262,0.410979167722
MCL1_HUMAN_3KJ2_A_holo_MCL1_HUMAN_3KZ0_A_holo,0.785724269458,0.84255968709,0.849269001182,0.655329018277,0.757582253775,0.757582253775,0.626925803999,0.811981530352,0.839075214262,0.414344292718
B2LA1_HUMAN_4ZEQ_A_holo_B2LA1_HUMAN_5UUP_A_holo,0.463404609892,0.596384743167,0.581394975643,0.488677840644,0.506366908781,0.506443612498,0.454135970142,0.749146949912,0.803411625159,0.417574559047
MCL1_HUMAN_2PQK_A_holo_MCL1_HUMAN_3D7V_A_holo,0.806614906051,0.779642491626,0.78545136048,0.556341067115,0.725900614153,0.725900614153,0.631811793844,0.879435207952,0.941793535254,0.435503076022
MCL1_HUMAN_3KJ1_A_holo_MCL1_HUMAN_3KZ0_B_holo,0.761690627487,0.791204894009,0.798548497718,0.631797329211,0.718116389303,0.718116389303,0.595523246122,0.797630295894,0.858666015839,0.446521336657
MCL1_HUMAN_2PQK_A_holo_MCL1_HUMAN_3KJ2_A_holo,0.787566503625,0.782693124086,0.790979024197,0.553556383234,0.717536771314,0.717536771314,0.580842193426,0.882271595693,0.899426874894,0.453689123019
MCL1_HUMAN_3KJ2_A_holo_MCL1_HUMAN_3KZ0_B_holo,0.801643968267,0.805505296567,0.814293095907,0.642622040513,0.734590000429,0.734590000429,0.594628355136,0.798137219843,0.849291526686,0.455941985424
MCL1_HUMAN_5C6H_E_holo_MCL1_HUMAN_5C6H_Q_holo,0.868301712653,0.509342694786,0.52725920884,0.410327113201,0.539378760071,0.539378761011,0.461695777081,0.751553611061,0.676974217546,0.456150785423
MCL1_HUMAN_5C6H_E_holo_MCL1_HUMAN_5C6H_M_holo,0.838268705199,0.532833863592,0.548976885656,0.385825991384,0.57332988252,0.573329885403,0.434430321964,0.760583792673,0.685492964108,0.456737221911
MCL1_HUMAN_3KJ1_A_holo_MCL1_HUMAN_3KJ2_A_holo,0.815727425823,0.840879316743,0.846943221526,0.579418131314,0.758640813331,0.758640813331,0.630584340826,0.902846654974,0.895921528703,0.457973947567
MCL1_HUMAN_3KJ1_A_holo_MCL1_HUMAN_3KZ0_A_holo,0.735212413472,0.822360545065,0.829876786218,0.652195509514,0.720339942868,0.720339942868,0.634728965415,0.820323187203,0.894689459774,0.460804682304
MCL1_HUMAN_5C6H_I_holo_MCL1_HUMAN_5C6H_K_holo,0.811101506118,0.62425632345,0.640559417047,0.425315031996,0.482580393891,0.48258104884,0.350075382865,0.727220619858,0.800319232642,0.463544181483
MCL1_HUMAN_3D7V_A_holo_MCL1_HUMAN_3KJ1_A_holo,0.762054947787,0.81730279473,0.82497835306,0.560222553154,0.765031954038,0.765031954038,0.655880474039,0.86753994503,0.929502358636,0.469522680359
MCL1_HUMAN_5C6H_E_holo_MCL1_HUMAN_5C6H_G_holo,0.886575939263,0.550835303203,0.563750326059,0.409914963891,0.58345184336,0.583474790838,0.505776045577,0.762431356278,0.626562386334,0.475312790094
MCL1_HUMAN_5C6H_E_holo_MCL1_HUMAN_5C6H_K_holo,0.848144341385,0.580750786831,0.588914615523,0.405290205776,0.590828977729,0.590826126121,0.488647329649,0.702578130047,0.600286222431,0.475784903878
MCL1_HUMAN_3D7V_A_holo_MCL1_HUMAN_3KZ0_A_holo,0.837326349104,0.82173822657,0.830400948594,0.626948576757,0.755950376448,0.755950376448,0.617370096055,0.753194556828,0.883144215232,0.478591015692
MCL1_HUMAN_3IO9_A_holo_MCL1_HUMAN_3KJ2_A_holo,0.530122440663,0.698839174889,0.711701663195,0.59938322466,0.610956580023,0.610956580023,0.50451703609,0.824894353018,0.860318139422,0.480285056503
MCL1_HUMAN_2PQK_A_holo_MCL1_HUMAN_3IO9_A_holo,0.652880192117,0.684997069042,0.694555705537,0.595633036005,0.606140989039,0.606140989039,0.494877923887,0.879665155738,0.927118067206,0.482793978694
B2LA1_HUMAN_3MQP_A_holo_B2LA1_HUMAN_5UUP_A_holo,0.643759750854,0.549184469281,0.526756573468,0.457727038575,0.506821982229,0.507297390041,0.364942781529,0.551421261554,0.704400449158,0.491830790598
MCL1_HUMAN_5C6H_E_holo_MCL1_HUMAN_5C6H_W_holo,0.853606594072,0.574017932306,0.580821805238,0.407956743904,0.558964705379,0.558964707317,0.399850271382,0.758965532142,0.67521030372,0.494611424129
MCL1_HUMAN_2NL9_A_holo_MCL1_HUMAN_3D7V_A_holo,0.778082003313,0.794299882591,0.798812589908,0.561733843878,0.734792620771,0.734792620771,0.680730471436,0.86350288894,0.934532279109,0.494820752938
MCL1_HUMAN_3IO9_A_holo_MCL1_HUMAN_3KJ1_A_holo,0.437931664002,0.689561088064,0.701565709466,0.581951626886,0.617273179189,0.617273179189,0.519582696547,0.876435390871,0.92387441895,0.500934326668
B2LA1_HUMAN_2VM6_A_holo_B2LA1_HUMAN_4ZEQ_A_holo,0.623881688406,0.655188324686,0.638377681379,0.526195708864,0.572752518358,0.572752518358,0.399660289572,0.819819811107,0.879051714081,0.501241981414
MCL1_HUMAN_2PQK_A_holo_MCL1_HUMAN_3KZ0_A_holo,0.781337507982,0.771394746228,0.778520464961,0.604477972642,0.701400146236,0.701400146236,0.581760269477,0.760189539251,0.858617484552,0.528354369838
B2LA1_HUMAN_2VM6_A_holo_B2LA1_HUMAN_5UUP_A_holo,0.569791859114,0.569733401281,0.54703072287,0.519114129981,0.499327035565,0.499841601946,0.360811772496,0.609268759106,0.739878970738,0.529934725904
MCL1_HUMAN_2PQK_A_holo_MCL1_HUMAN_3KZ0_B_holo,0.784729218436,0.734751561648,0.742128186875,0.61149369715,0.677300538299,0.677300538299,0.559943251186,0.72990689896,0.825053893649,0.530446582322
B2LA1_HUMAN_5UUK_A_holo_B2LA1_HUMAN_5UUP_A_holo,0.334509005706,0.399204385708,0.398613613459,0.438481288709,0.397921274796,0.398224787803,0.402908316148,0.712973465445,0.749462199776,0.531608199955
MCL1_HUMAN_3PK1_A_holo_MCL1_HUMAN_5C6H_O_holo,0.553006482537,0.633672120716,0.647976341746,0.516361866843,0.615535617635,0.615530843717,0.549298165831,0.769322278916,0.839145379034,0.534922614481
B2LA1_HUMAN_2VM6_A_holo_B2LA1_HUMAN_3MQP_A_holo,0.665118907365,0.625663282997,0.610924692213,0.460136360589,0.584901041758,0.584901041758,0.3040653073,0.724448209282,0.768058391615,0.535109310049
B2LA1_HUMAN_5UUL_A_holo_B2LA1_HUMAN_5UUP_A_holo,0.644365232095,0.571670832351,0.558446827489,0.513840024497,0.513706794925,0.513775454774,0.490707658362,0.573059256446,0.609149158619,0.537186903124
MCL1_HUMAN_3D7V_A_holo_MCL1_HUMAN_3KZ0_B_holo,0.859115960057,0.794804293497,0.805433300206,0.619959500491,0.742230823003,0.742230823003,0.588815417549,0.703600830638,0.847715889007,0.537904729766
MCL1_HUMAN_5C6H_C_holo_MCL1_HUMAN_5C6H_E_holo,0.827200964322,0.507895514466,0.526971534425,0.359034553162,0.550025909376,0.550023651019,0.450452541507,0.669591579451,0.535431346031,0.538883551214
MCL1_HUMAN_5C6H_E_holo_MCL1_HUMAN_5C6H_U_holo,0.79928868182,0.575508591818,0.58719313499,0.367535769608,0.573268131694,0.57326813271,0.488579381764,0.76853026663,0.652880071734,0.541446260687
MCL1_HUMAN_3PK1_C_holo_MCL1_HUMAN_5C6H_O_holo,0.580334933724,0.642436711806,0.653851495588,0.500083612166,0.642016377764,0.642009871324,0.554680701132,0.781254999646,0.844764538949,0.543846126567
MCL1_HUMAN_2NL9_A_holo_MCL1_HUMAN_3KJ2_A_holo,0.86863014177,0.790360585034,0.795084023709,0.569080963115,0.734074766414,0.734074766414,0.638073287066,0.882479127471,0.86915490973,0.550186108201
MCL1_HUMAN_3D7V_A_holo_MCL1_HUMAN_3IO9_A_holo,0.605392417934,0.694069511458,0.705269609751,0.583415076965,0.611823420305,0.611823420305,0.496075160176,0.865396808439,0.925641451393,0.556145166815
MCL1_HUMAN_3KZ0_B_holo_MCL1_HUMAN_5C6H_C_holo,0.645069005244,0.639611449548,0.654711946984,0.524152067812,0.680456440141,0.680478836658,0.535517101457,0.629557520045,0.80694351607,0.560738827046
MCL1_HUMAN_5C6H_E_holo_MCL1_HUMAN_5C6H_O_holo,0.883104434759,0.52592837403,0.538814275109,0.419926765404,0.551823002923,0.5518288329,0.480027929457,0.690378859837,0.632601696847,0.56370649457
MCL1_HUMAN_5C6H_A_holo_MCL1_HUMAN_5C6H_E_holo,0.500814556815,0.510342551119,0.516451012572,0.198787213989,0.539824986967,0.539824989078,0.316029989814,0.534379097211,0.492928779373,0.564269420532
MCL1_HUMAN_3KJ0_A_holo_MCL1_HUMAN_5C6H_G_holo,0.588585660239,0.634310034655,0.647906693754,0.501517618147,0.572462340647,0.572495948368,0.523165694173,0.77652710686,0.839298843292,0.56674430189
MCL1_HUMAN_3PK1_A_holo_MCL1_HUMAN_5C6H_M_holo,0.520673578529,0.615449915925,0.628737856932,0.51416875701,0.628953600548,0.628953600548,0.496063043068,0.778211895987,0.827959131615,0.575969866014
MCL1_HUMAN_3KZ0_A_holo_MCL1_HUMAN_5C6H_C_holo,0.624501588925,0.653815282348,0.674072180122,0.534331095424,0.701037421775,0.701049757667,0.580746184707,0.740503699497,0.864521179602,0.576702681299
MCL1_HUMAN_3PK1_A_holo_MCL1_HUMAN_5C6H_K_holo,0.551491057129,0.687120516647,0.699520358785,0.542543057726,0.645808896973,0.645808604615,0.54988016503,0.748289821458,0.794483667027,0.577279601634
MCL1_HUMAN_3IO9_A_holo_MCL1_HUMAN_3PK1_A_holo,0.619048561804,0.653655929001,0.66271529369,0.586212552297,0.564132749614,0.564132749614,0.472880340365,0.721782416577,0.813992552087,0.578014304527
MCL1_HUMAN_3IO9_A_holo_MCL1_HUMAN_3PK1_C_holo,0.691156492887,0.647388527846,0.657908052816,0.599860400149,0.574974717693,0.574974717693,0.51405754574,0.761892972187,0.834046349876,0.578702613581
MCL1_HUMAN_5C6H_E_holo_MCL1_HUMAN_5C6H_I_holo,0.808154754578,0.524697761553,0.538298263176,0.337366492303,0.418382177699,0.418382179429,0.366967823206,0.681762301695,0.583853808402,0.586114008834
MCL1_HUMAN_3PK1_C_holo_MCL1_HUMAN_5C6H_K_holo,0.559462328938,0.685678544845,0.696501294486,0.550992448335,0.655946018576,0.655946838354,0.570181771961,0.716666531097,0.770072241349,0.587080431063
MCL1_HUMAN_3PK1_C_holo_MCL1_HUMAN_5C6H_M_holo,0.56116613028,0.629603026663,0.641855885467,0.500950870165,0.627714825732,0.627714825732,0.506808790903,0.764754557741,0.803735724007,0.587214583443
MCL1_HUMAN_3IO9_A_holo_MCL1_HUMAN_3KZ0_A_holo,0.664091412839,0.6955137739,0.707879755507,0.669916186678,0.62202796585,0.62202796585,0.527437162909,0.78888537135,0.897768847435,0.593036032792
MCL1_HUMAN_3IO9_A_holo_MCL1_HUMAN_3KZ0_B_holo,0.658131098562,0.665688788343,0.67913931516,0.648067185386,0.603538542096,0.603538542096,0.50655476145,0.768331822166,0.862394652397,0.593433363642
MCL1_HUMAN_3KZ0_B_holo_MCL1_HUMAN_5C6H_U_holo,0.483895881675,0.655950422922,0.672078372617,0.586205748193,0.637009641922,0.637009641922,0.550879399993,0.664134255764,0.71705351846,0.602628853095
MCL1_HUMAN_3PK1_A_holo_MCL1_HUMAN_5C6H_U_holo,0.471999256938,0.672648441428,0.687242621443,0.549517631279,0.624082867106,0.624082867106,0.55321822926,0.670601050684,0.738726323341,0.606714099023
MCL1_HUMAN_2NL9_A_holo_MCL1_HUMAN_3KZ0_A_holo,0.745924057907,0.769557721807,0.774216180727,0.628926882016,0.689135788425,0.689135788425,0.627868649678,0.817062104275,0.875525696703,0.606807423766
MCL1_HUMAN_3PK1_A_holo_MCL1_HUMAN_5C6H_G_holo,0.454542978971,0.657809652489,0.668309454973,0.530858234267,0.613898308994,0.613880262156,0.587687027284,0.766410892177,0.85711786111,0.610426990912
MCL1_HUMAN_3KZ0_B_holo_MCL1_HUMAN_5C6H_A_holo,0.763437548631,0.651371781323,0.653985273431,0.386908919456,0.651906708792,0.651906708792,0.457566969767,0.73522379863,0.712548313814,0.612769079972
MCL1_HUMAN_3PK1_C_holo_MCL1_HUMAN_5C6H_U_holo,0.484578888163,0.666904519714,0.68055352028,0.549378097319,0.640770027244,0.640770027244,0.572549942937,0.58604568281,0.697488091653,0.614481606253
MCL1_HUMAN_2NL9_A_holo_MCL1_HUMAN_3KZ0_B_holo,0.775784182761,0.751673164445,0.758096459156,0.629859174563,0.689674987183,0.689674987183,0.604113486549,0.724882988665,0.806904745869,0.615177249639
MCL1_HUMAN_3KZ0_A_holo_MCL1_HUMAN_5C6H_A_holo,0.736865202181,0.68197288184,0.685066411592,0.379805994576,0.695413387582,0.695413387582,0.470304799284,0.805627288037,0.757179142035,0.616051984888
MCL1_HUMAN_2NL9_A_holo_MCL1_HUMAN_3IO9_A_holo,0.402781236463,0.649023321419,0.659993026519,0.576637872555,0.583331156093,0.583331156093,0.522016179562,0.865198534558,0.92278551988,0.616304213256
MCL1_HUMAN_3KJ0_A_holo_MCL1_HUMAN_5C6H_M_holo,0.685936842484,0.59290964425,0.605601581342,0.480289539096,0.567250559191,0.567250559191,0.443302582603,0.726018528406,0.787159072612,0.61651712801
MCL1_HUMAN_3KZ0_A_holo_MCL1_HUMAN_5C6H_I_holo,0.608807668174,0.628543196836,0.643540167527,0.501280061233,0.497125965603,0.497125965603,0.386598953472,0.695991735351,0.784087337635,0.618259850638
MCL1_HUMAN_3KJ0_A_holo_MCL1_HUMAN_5C6H_Q_holo,0.709944929541,0.645800959507,0.662362672094,0.550954115335,0.580942378184,0.580942378184,0.486828557354,0.648832969285,0.76014334653,0.619829585772
MCL1_HUMAN_3PK1_C_holo_MCL1_HUMAN_5C6H_G_holo,0.474238447066,0.65257153959,0.662966248441,0.526277931395,0.621634406248,0.621673236204,0.596884166424,0.746629828625,0.845132218136,0.619983568472
MCL1_HUMAN_3KZ0_A_holo_MCL1_HUMAN_5C6H_U_holo,0.461687177445,0.691245843967,0.707017420221,0.599626855587,0.672999353494,0.672999353494,0.588210227589,0.657508758772,0.696360096642,0.621557390662
MCL1_HUMAN_3KZ0_B_holo_MCL1_HUMAN_5C6H_I_holo,0.635023456851,0.630184725819,0.642524861178,0.498071724533,0.472662858578,0.472662858578,0.379181691832,0.668278132056,0.740899135103,0.625723175419
MCL1_HUMAN_3KJ2_A_holo_MCL1_HUMAN_5C6H_C_holo,0.462631413732,0.659330682066,0.680529057367,0.462810023341,0.716876504785,0.716905597982,0.583061672248,0.586657806021,0.710983799654,0.625953539399
MCL1_HUMAN_3KJ2_A_holo_MCL1_HUMAN_5C6H_I_holo,0.464772467225,0.648827729749,0.662339183858,0.442530831364,0.485774165281,0.485774165281,0.349845291803,0.600783826463,0.637492687679,0.626085697349
B2LA1_HUMAN_4ZEQ_A_holo_B2LA1_HUMAN_5UUL_A_holo,0.649265940953,0.613342862805,0.598356803583,0.589439556901,0.572280680424,0.572280680424,0.485719168347,0.782568849342,0.84023997531,0.628700142677
MCL1_HUMAN_3KZ0_B_holo_MCL1_HUMAN_5C6H_O_holo,0.543858924698,0.628959080379,0.63984783938,0.537786756444,0.645628266987,0.645615874299,0.527617346841,0.68229296826,0.759695222765,0.630949415106
MCL1_HUMAN_3KJ2_A_holo_MCL1_HUMAN_5C6H_W_holo,0.207638169314,0.70173770545,0.712272858402,0.502703989073,0.639988031824,0.639988031824,0.49028815067,0.590192745008,0.665014559881,0.632118724775
MCL1_HUMAN_3KJ2_A_holo_MCL1_HUMAN_5C6H_M_holo,0.450162414632,0.634920483651,0.642393291628,0.4810827836,0.665881848869,0.665881848869,0.490407402957,0.619031367153,0.654606745574,0.633557359223
MCL1_HUMAN_3KJ0_A_holo_MCL1_HUMAN_5C6H_K_holo,0.697795405903,0.68579409355,0.697715953866,0.548744325609,0.609465517917,0.609467059772,0.494256541289,0.657678597135,0.765373255346,0.635079816903
MCL1_HUMAN_3D7V_A_holo_MCL1_HUMAN_5C6H_C_holo,0.580711942092,0.660064965284,0.682696290123,0.43677751662,0.710897458443,0.710922518532,0.601796541564,0.74681174445,0.838793405689,0.635131428741
MCL1_HUMAN_3KZ0_A_holo_MCL1_HUMAN_5C6H_O_holo,0.525575146565,0.667996095231,0.681652433018,0.560181402804,0.668162512854,0.668154344852,0.559818518776,0.73721980402,0.80642466052,0.63625610607
B2LA1_HUMAN_3MQP_A_holo_B2LA1_HUMAN_5UUL_A_holo,0.567062248625,0.613639766032,0.604472233662,0.528094958376,0.587256010792,0.587256010792,0.366339638623,0.574590710867,0.637160664424,0.638130218379
MCL1_HUMAN_3KJ0_A_holo_MCL1_HUMAN_5C6H_O_holo,0.686651569412,0.631423727861,0.645472851819,0.503253169072,0.596367189242,0.596377218777,0.494357820334,0.826486874453,0.87812610788,0.638343519882
MCL1_HUMAN_3KJ1_A_holo_MCL1_HUMAN_5C6H_O_holo,0.312760058144,0.668531226169,0.678804732287,0.476671064913,0.65225131683,0.652241002493,0.550229401577,0.712276823223,0.778237543242,0.638954697188
MCL1_HUMAN_3PK1_A_holo_MCL1_HUMAN_5C6H_W_holo,0.430117570647,0.679449261425,0.692839401309,0.517769075675,0.599556320214,0.599556320214,0.465654072781,0.801743743959,0.849663298129,0.64223669971
MCL1_HUMAN_3D7V_A_holo_MCL1_HUMAN_5C6H_I_holo,0.546999531781,0.635796771553,0.653823123496,0.432221413294,0.495726368352,0.495726368352,0.37016517275,0.710695806305,0.780840690325,0.642915061897
MCL1_HUMAN_3D7V_A_holo_MCL1_HUMAN_5C6H_A_holo,0.70633588948,0.676702008482,0.683446513719,0.318955576405,0.689384510415,0.689384510415,0.438543648108,0.808062935675,0.749412854723,0.646941219583
MCL1_HUMAN_3PK1_A_holo_MCL1_HUMAN_5C6H_C_holo,0.565950739971,0.619529251661,0.640618707407,0.459987617323,0.637431488404,0.637451536481,0.557045260893,0.759817172648,0.845732800862,0.647711507039
MCL1_HUMAN_3KJ0_A_holo_MCL1_HUMAN_3PK1_A_holo,0.635393637873,0.674688481762,0.686866739505,0.53806004046,0.59381514749,0.59381514749,0.510709181527,0.777085313298,0.85811155246,0.64802863505
MCL1_HUMAN_3D7V_A_holo_MCL1_HUMAN_5C6H_W_holo,0.28284869263,0.686714594633,0.70043668004,0.489106716054,0.649950786574,0.649950786574,0.469913577668,0.737859956438,0.782817118613,0.64890908038
MCL1_HUMAN_3D7V_A_holo_MCL1_HUMAN_5C6H_M_holo,0.525040449377,0.633715611215,0.642998062673,0.459194871146,0.653441712234,0.653441712234,0.482680859954,0.696290999217,0.743541945826,0.649477161917
B2CL1_HUMAN_2P1L_E_holo_B2CL1_HUMAN_4QVF_A_holo,0.578346331583,0.581346934752,0.590974884931,0.394586452273,0.51433747448,0.51433747448,0.343723480137,0.795247271934,0.780294002316,0.651253905731
MCL1_HUMAN_3KJ1_A_holo_MCL1_HUMAN_5C6H_C_holo,0.400905756127,0.66316300735,0.680108516425,0.476002321083,0.680363595511,0.680372291654,0.59561423923,0.654766759505,0.800838475624,0.65156699869
MCL1_HUMAN_3KZ0_B_holo_MCL1_HUMAN_5C6H_K_holo,0.471507416769,0.696212987717,0.707404196952,0.60733279095,0.658711633472,0.658710590265,0.541508198361,0.706836019755,0.775198566934,0.651647825492
MCL1_HUMAN_3KJ2_A_holo_MCL1_HUMAN_5C6H_K_holo,0.369947552839,0.736834285665,0.747376379325,0.533786139837,0.70536715044,0.705366840964,0.56155362846,0.651641754986,0.72473396972,0.652160660779
B2LA1_HUMAN_4ZEQ_A_holo_B2LA1_HUMAN_5UUK_A_holo,0.106386895336,0.421990935022,0.418532258914,0.42894979499,0.430544506151,0.430544506151,0.384921971679,0.840003043324,0.865946363542,0.653215570652
MCL1_HUMAN_3KJ2_A_holo_MCL1_HUMAN_5C6H_Q_holo,0.399808663055,0.696425136429,0.711052516928,0.548357235661,0.676957145989,0.676957145989,0.512723998991,0.630483451022,0.678046921635,0.65420046121
MCL1_HUMAN_3PK1_A_holo_MCL1_HUMAN_5C6H_Q_holo,0.51342292599,0.650250781273,0.665981225917,0.574597389044,0.623485422554,0.623485422554,0.519442586537,0.724928965448,0.802526458929,0.654586413689
MCL1_HUMAN_3KJ0_A_holo_MCL1_HUMAN_3PK1_C_holo,0.720088039707,0.682310283631,0.691916319795,0.548234924987,0.603163364748,0.603163364748,0.537382208956,0.812984924667,0.883968286291,0.654836344301
MCL1_HUMAN_3PK1_C_holo_MCL1_HUMAN_5C6H_W_holo,0.433050915105,0.676274430176,0.686218226569,0.524702585046,0.61992420227,0.61992420227,0.483526562231,0.793929470508,0.837347526257,0.655669306264
MCL1_HUMAN_3KZ0_B_holo_MCL1_HUMAN_5C6H_M_holo,0.626631901295,0.614250637347,0.617960754339,0.538575591863,0.628782560049,0.628782560049,0.465823896484,0.658192513994,0.764410756271,0.657843418209
MCL1_HUMAN_3PK1_C_holo_MCL1_HUMAN_5C6H_C_holo,0.582253585213,0.612955921953,0.630950072176,0.458188392199,0.651342114453,0.651366042691,0.583211435597,0.772507939852,0.84909861064,0.65941525331
MCL1_HUMAN_3KZ0_B_holo_MCL1_HUMAN_5C6H_Q_holo,0.538516478603,0.671451444079,0.682596781453,0.621074465253,0.656302948372,0.656302948372,0.494374946279,0.708860218819,0.777662297949,0.659958729394
MCL1_HUMAN_3KZ0_A_holo_MCL1_HUMAN_5C6H_K_holo,0.419862625582,0.72213111296,0.733360623138,0.628580530667,0.686901237207,0.686899689312,0.597984183407,0.711727589644,0.775364114482,0.660905404061
MCL1_HUMAN_2PQK_A_holo_MCL1_HUMAN_3PK1_A_holo,0.59341295042,0.689118015562,0.697335227353,0.550182733636,0.649308213627,0.649308213627,0.584474673237,0.71192252787,0.799835649171,0.661693953633
MCL1_HUMAN_3KJ0_A_holo_MCL1_HUMAN_5C6H_W_holo,0.577300122709,0.674959576697,0.68574954444,0.53202686842,0.570410127932,0.570410127932,0.451146183401,0.791749078361,0.846256537414,0.662053553409
MCL1_HUMAN_3KZ0_A_holo_MCL1_HUMAN_5C6H_Q_holo,0.502686592771,0.703643864972,0.717202779157,0.645075865594,0.686668342657,0.686668342657,0.544319883589,0.733773128633,0.811475996941,0.663322063462
MCL1_HUMAN_3KJ1_A_holo_MCL1_HUMAN_3PK1_A_holo,0.420354057491,0.705764782512,0.710608504936,0.545073335502,0.667031548629,0.667031548629,0.60290625682,0.730637078611,0.812472358276,0.664527549066
MCL1_HUMAN_2PQK_A_holo_MCL1_HUMAN_3PK1_C_holo,0.660661923412,0.684477159392,0.694564622269,0.567449080672,0.678357724116,0.678357724116,0.597546537561,0.767353448898,0.821066307537,0.664566968796
MCL1_HUMAN_3D7V_A_holo_MCL1_HUMAN_5C6H_Q_holo,0.450571766346,0.670065487667,0.688714382414,0.527545740182,0.667174793676,0.667174793676,0.5268627989,0.623482866289,0.728642480229,0.664573494943
MCL1_HUMAN_3KJ2_A_holo_MCL1_HUMAN_3PK1_A_holo,0.566644301361,0.741376832609,0.747099004123,0.591443465013,0.700277720195,0.700277720195,0.589116316225,0.712854394322,0.733526220288,0.664784256247
B2LA1_HUMAN_2VM6_A_holo_B2LA1_HUMAN_5UUK_A_holo,0.190252709687,0.399380426456,0.400264752277,0.412284423044,0.419432580339,0.419432580339,0.302225376079,0.728782026551,0.791087923817,0.664939255686
MCL1_HUMAN_3KZ0_A_holo_MCL1_HUMAN_5C6H_W_holo,0.344626178326,0.694658550526,0.705084101368,0.552888511929,0.64058119992,0.64058119992,0.504026684553,0.71683641025,0.797303881304,0.664943562999
MCL1_HUMAN_3KJ2_A_holo_MCL1_HUMAN_5C6H_O_holo,0.37410053912,0.682070475902,0.695404515135,0.493286611555,0.688985273491,0.688975235851,0.544934268367,0.671066496061,0.664427582678,0.665467566438
MCL1_HUMAN_3PK1_C_holo_MCL1_HUMAN_5C6H_Q_holo,0.561426583261,0.656834855286,0.671738971057,0.582701685877,0.634722089232,0.634722089232,0.554039734153,0.674598038857,0.767435522445,0.665521084732
MCL1_HUMAN_2PQK_A_holo_MCL1_HUMAN_5C6H_O_holo,0.47074261283,0.644854663758,0.658181514309,0.445788735754,0.623696403424,0.623698206037,0.526869892291,0.696155478433,0.748305374652,0.665850644612
MCL1_HUMAN_3KJ1_A_holo_MCL1_HUMAN_3PK1_C_holo,0.499140443905,0.693981116222,0.699073852052,0.551618325859,0.686013648286,0.686013648286,0.623077140296,0.758304660483,0.827472146637,0.667224358097
MCL1_HUMAN_3KJ2_A_holo_MCL1_HUMAN_3PK1_C_holo,0.624193757871,0.725389981535,0.731029667419,0.597847556541,0.708134837076,0.708134837076,0.606147738631,0.716265309077,0.737453956234,0.667769654155
MCL1_HUMAN_3D7V_A_holo_MCL1_HUMAN_5C6H_K_holo,0.398489048689,0.721229077825,0.735974906903,0.525010614079,0.690619470639,0.690618910405,0.572174682991,0.589068060115,0.727345944417,0.669381201114
MCL1_HUMAN_3PK1_A_holo_MCL1_HUMAN_5C6H_I_holo,0.556859495038,0.593701216971,0.608946465746,0.457375488208,0.468924212444,0.468924212444,0.38165670233,0.732840441608,0.816364505854,0.669773666633
MCL1_HUMAN_3KZ0_A_holo_MCL1_HUMAN_5C6H_M_holo,0.558448095028,0.645835016062,0.651734240796,0.555811187051,0.669184710368,0.669184710368,0.51082485279,0.735262013648,0.802260530554,0.670219790435
MCL1_HUMAN_3KJ1_A_holo_MCL1_HUMAN_5C6H_I_holo,0.382584953136,0.636421137865,0.650062603658,0.410301605802,0.466835141114,0.466835141114,0.358780463242,0.650114536963,0.771233127403,0.671649682455
MCL1_HUMAN_3KZ0_B_holo_MCL1_HUMAN_5C6H_W_holo,0.386366790949,0.663944092269,0.677134604568,0.530533936383,0.619134932189,0.619134932189,0.487602439941,0.623803193962,0.74016665265,0.673139342921
MCL1_HUMAN_3D7V_A_holo_MCL1_HUMAN_5C6H_O_holo,0.454686737972,0.665538660236,0.68178788365,0.467747264497,0.679561150138,0.679568674893,0.559817355621,0.794094243144,0.807661046614,0.674074718115
MCL1_HUMAN_3KJ1_A_holo_MCL1_HUMAN_5C6H_M_holo,0.4243496629,0.627981219582,0.630023806107,0.47309159656,0.628591188271,0.628591188271,0.501195916744,0.647168361914,0.740094005964,0.679913271833
MCL1_HUMAN_3KJ1_A_holo_MCL1_HUMAN_5C6H_K_holo,0.25729053668,0.723950065855,0.732852959834,0.531775188553,0.653060539283,0.653058725547,0.57876072295,0.619111588197,0.743931155938,0.680825624962
MCL1_HUMAN_3PK1_C_holo_MCL1_HUMAN_5C6H_I_holo,0.585878230095,0.586362256068,0.600196939283,0.471470495372,0.470402115892,0.470402115892,0.380996894656,0.705362931337,0.819876459586,0.682252590112
MCL1_HUMAN_2PQK_A_holo_MCL1_HUMAN_5C6H_C_holo,0.5050915146,0.653685719821,0.671741188243,0.41609200019,0.652267267016,0.652314982022,0.569867803596,0.639854365329,0.777949847201,0.682890964809
MCL1_HUMAN_3KJ2_A_holo_MCL1_HUMAN_5C6H_A_holo,0.704224899682,0.703295015037,0.707422367083,0.36620114142,0.709745166722,0.709745166722,0.446876719924,0.743993168206,0.625460787381,0.68548724005
MCL1_HUMAN_3PK1_A_holo_MCL1_HUMAN_5C6H_A_holo,0.575840495063,0.644739851699,0.651684087904,0.337252349939,0.640476078137,0.640476078137,0.418896791703,0.770119081071,0.769283990776,0.686069214105
MCL1_HUMAN_3IO9_A_holo_MCL1_HUMAN_5UUM_A_holo,0.151710004771,0.582231890992,0.597981286492,0.498529998327,0.484248679412,0.484248679412,0.457542805966,0.699269913241,0.794404356406,0.690922810198
MCL1_HUMAN_3PK1_A_holo_MCL1_HUMAN_5C6H_E_holo,0.502089032646,0.551221399522,0.561041287318,0.40518118037,0.529365103287,0.529365104524,0.487339124174,0.657733184432,0.572982046934,0.691703449112
MCL1_HUMAN_3KJ2_A_holo_MCL1_HUMAN_5C6H_G_holo,0.27926194491,0.685792869602,0.694977930312,0.513740843473,0.66549036041,0.66546618087,0.590613631421,0.599518483795,0.699845725605,0.691979872471
B2CL1_HUMAN_2P1L_A_holo_B2CL1_HUMAN_4QVF_A_holo,0.427000492594,0.550989366356,0.569396526768,0.553012504753,0.476519676699,0.476519676699,0.362163561149,0.865818636284,0.837144103223,0.692482347802
MCL1_HUMAN_2PQK_A_holo_MCL1_HUMAN_5C6H_U_holo,0.493457584358,0.660239052937,0.675611324144,0.500520471071,0.656179005206,0.656179005206,0.542669518449,0.436828073436,0.61811681443,0.693323438312
MCL1_HUMAN_3KJ0_A_holo_MCL1_HUMAN_5C6H_I_holo,0.671289154242,0.634551744515,0.648167699918,0.456039529555,0.470613369085,0.470613369085,0.322190188642,0.716123681297,0.831564966858,0.693383174662
B2LA1_HUMAN_3MQP_A_holo_B2LA1_HUMAN_5UUK_A_holo,0.261176082066,0.434528590852,0.440243162408,0.383044214065,0.432326905709,0.432326905709,0.287540260494,0.629224530878,0.740052949694,0.693950331497
MCL1_HUMAN_3D7V_A_holo_MCL1_HUMAN_5C6H_U_holo,0.454110905904,0.688518203367,0.706574859446,0.497836351379,0.670902276475,0.670902276475,0.57340943193,0.550788221191,0.638291789646,0.694263810948
MCL1_HUMAN_3D7V_A_holo_MCL1_HUMAN_5UUM_B_holo,0.38191622665,0.638318559158,0.652494244486,0.496658719694,0.628000764846,0.628000764846,0.506220227463,0.678843226652,0.665237118656,0.694604814802
MCL1_HUMAN_2PQK_A_holo_MCL1_HUMAN_5C6H_M_holo,0.502286671551,0.628322452287,0.633648719088,0.434082777166,0.611697081809,0.611697081809,0.48257065692,0.580551951551,0.682046017648,0.695278310133
MCL1_HUMAN_3PK1_C_holo_MCL1_HUMAN_5C6H_A_holo,0.641237498727,0.636597358354,0.642339259074,0.339113140255,0.659558710179,0.659558710179,0.439778083144,0.786043656744,0.770530590709,0.696656185598
MCL1_HUMAN_3KJ1_A_holo_MCL1_HUMAN_5C6H_W_holo,0.15895947504,0.672378523165,0.682574196078,0.460388848856,0.631160240262,0.631160240262,0.493631500534,0.651075146334,0.767294626607,0.699133581869
MCL1_HUMAN_3IO9_A_holo_MCL1_HUMAN_5UUM_B_holo,0.170165201984,0.579873919647,0.600717194809,0.524840243702,0.507507389262,0.507507389262,0.4229676833,0.646890766039,0.727536793725,0.69914703223
B2CL1_HUMAN_2P1L_G_holo_B2CL1_HUMAN_4QVF_A_holo,0.581002650415,0.556641319138,0.563352242563,0.464285489812,0.382934812207,0.382934812207,0.331193796056,0.835344100806,0.817543185889,0.699262145697
MCL1_HUMAN_3KJ0_A_holo_MCL1_HUMAN_5C6H_E_holo,0.634356724371,0.577795302826,0.588574329616,0.391617941719,0.472015824515,0.472015823391,0.424975616844,0.571891294513,0.539736191882,0.699758419207
MCL1_HUMAN_3PK1_C_holo_MCL1_HUMAN_5C6H_E_holo,0.504187766437,0.547636330681,0.555282204233,0.392195980708,0.538291943141,0.538291943389,0.50598577951,0.585499457422,0.511082808742,0.700245980816
B2LA1_HUMAN_2VM6_A_holo_B2LA1_HUMAN_5UUL_A_holo,0.4842440192,0.613301143469,0.596165554725,0.545270488243,0.607297224361,0.607297224361,0.413766085695,0.715929645727,0.829056565321,0.70170968588
MCL1_HUMAN_3IO9_A_holo_MCL1_HUMAN_5C6H_O_holo,0.503510716721,0.616027818115,0.633798612754,0.510752851616,0.566899801777,0.566898300678,0.442303146454,0.712494073662,0.777893893146,0.702036329001
B2LA1_HUMAN_5UUK_A_holo_B2LA1_HUMAN_5UUL_A_holo,0.128904855756,0.487015388,0.487954983257,0.491723275982,0.462292833043,0.462292833043,0.42766936935,0.73496124027,0.777213049473,0.703162312832
MCL1_HUMAN_2PQK_A_holo_MCL1_HUMAN_5C6H_K_holo,0.373586333961,0.672416000597,0.686767072674,0.504768923146,0.655880081564,0.65587923469,0.542342605961,0.567344716175,0.69239760875,0.703264799813
MCL1_HUMAN_3KJ0_A_holo_MCL1_HUMAN_5C6H_C_holo,0.735834010805,0.634964126823,0.654280981618,0.467979779821,0.606711105328,0.606736374866,0.51163592119,0.777301397511,0.857132980646,0.704608627085
MCL1_HUMAN_3KZ0_B_holo_MCL1_HUMAN_5C6H_G_holo,0.418045470334,0.645378374437,0.655954688724,0.558438132157,0.627124301978,0.627088314441,0.548980111722,0.626558266948,0.762431488443,0.705006700364
MCL1_HUMAN_2PQK_A_holo_MCL1_HUMAN_5C6H_I_holo,0.488192567228,0.592063061065,0.60818294703,0.406888579831,0.467373563686,0.467373563686,0.350193625618,0.590849893983,0.726433098013,0.706459815754
MCL1_HUMAN_3KZ0_B_holo_MCL1_HUMAN_3PK1_A_holo,0.637033635095,0.697199408206,0.704741989626,0.629926571265,0.645347880492,0.645347880492,0.571915669653,0.720604431894,0.790909974452,0.707409491196
MCL1_HUMAN_3KJ1_A_holo_MCL1_HUMAN_5C6H_Q_holo,0.32579196895,0.688026517878,0.698933100143,0.553032326915,0.640533251414,0.640533251414,0.532538320153,0.631706729178,0.74827501399,0.708728483253
MCL1_HUMAN_3D7V_A_holo_MCL1_HUMAN_3PK1_A_holo,0.583710583152,0.731265076304,0.738272354951,0.565162556039,0.696909192615,0.696909192615,0.611576411481,0.734540825855,0.828874679431,0.709032422279
MCL1_HUMAN_2PQK_A_holo_MCL1_HUMAN_5C6H_A_holo,0.712383382619,0.634101842084,0.639027324462,0.335144141923,0.656437690865,0.656437690865,0.443849519553,0.767998399173,0.694899091109,0.710498994508
MCL1_HUMAN_3KZ0_B_holo_MCL1_HUMAN_3PK1_C_holo,0.719501531916,0.68767358153,0.694717022811,0.627908425734,0.668942047232,0.668942047232,0.587595035434,0.71424546251,0.785584598944,0.712584201526
MCL1_HUMAN_3D7V_A_holo_MCL1_HUMAN_5UUM_A_holo,0.359950898944,0.632086087613,0.642497279468,0.477375058692,0.62634884096,0.62634884096,0.536085866249,0.701563675185,0.71772357984,0.713108123942
MCL1_HUMAN_3IO9_A_holo_MCL1_HUMAN_5C6H_M_holo,0.51009546074,0.593279811203,0.603076956514,0.519035172976,0.55580292144,0.55580292144,0.398637603392,0.638113434035,0.729533952873,0.713620446602
MCL1_HUMAN_3D7V_A_holo_MCL1_HUMAN_3PK1_C_holo,0.628754481582,0.702065016514,0.71134362204,0.563538312435,0.708748853501,0.708748853501,0.627680570141,0.76624359748,0.851400158961,0.714498084111
MCL1_HUMAN_3D7V_A_holo_MCL1_HUMAN_5C6H_G_holo,0.321198705494,0.688558535785,0.697684657343,0.501910331853,0.658238867553,0.658201736453,0.594195657051,0.755571476109,0.81766930924,0.714705104256
MCL1_HUMAN_3KZ0_A_holo_MCL1_HUMAN_5C6H_G_holo,0.389450215642,0.684530077394,0.694568777047,0.586561573607,0.648914887908,0.64888792558,0.600810961924,0.718160823708,0.825817027051,0.715760155833
MCL1_HUMAN_3KJ1_A_holo_MCL1_HUMAN_5C6H_U_holo,0.395801958214,0.687778236447,0.701893231922,0.532884295621,0.652422705378,0.652422705378,0.567025303838,0.545438345187,0.69487422151,0.716822975278
MCL1_HUMAN_5C6H_C_holo_MCL1_HUMAN_5UUM_A_holo,0.254605099595,0.60104920763,0.614798921274,0.363123881158,0.557122260204,0.557114954986,0.501630792138,0.751560446878,0.761595988374,0.717437601937
MCL1_HUMAN_3KJ0_A_holo_MCL1_HUMAN_5C6H_U_holo,0.668738469833,0.667138114227,0.683283411119,0.492173704147,0.584522948007,0.584522948007,0.50344443824,0.591210308722,0.694252742074,0.71768563214
MCL1_HUMAN_2NL9_A_holo_MCL1_HUMAN_5C6H_O_holo,0.291695766303,0.622940200318,0.633075549026,0.458028142423,0.611746496914,0.611738646156,0.566602827492,0.720999651579,0.757877203982,0.71945606226
MCL1_HUMAN_5C6H_M_holo_MCL1_HUMAN_5UUM_B_holo,0.311866792462,0.562127841805,0.575513617599,0.428294700433,0.527910163131,0.527910163131,0.385986292202,0.657518533034,0.739733674845,0.719489030414
MCL1_HUMAN_5C6H_C_holo_MCL1_HUMAN_5UUM_B_holo,0.256744687473,0.618627073734,0.634461512945,0.404697414463,0.573320992275,0.573353455327,0.474936835063,0.744855961452,0.751254529242,0.72139142847
MCL1_HUMAN_2PQK_A_holo_MCL1_HUMAN_5C6H_Q_holo,0.415584599225,0.65987170348,0.675216241783,0.522628038683,0.618950332328,0.618950332328,0.491018524466,0.537195438776,0.687795024851,0.722752933504
B2CL1_HUMAN_2P1L_C_holo_B2CL1_HUMAN_4QVF_A_holo,0.505933887585,0.554911342407,0.569598612818,0.452338248083,0.455581875901,0.455581875901,0.340695836714,0.779558972611,0.763787839055,0.722771729988
MCL1_HUMAN_3KJ2_A_holo_MCL1_HUMAN_5C6H_U_holo,0.382619525569,0.686422606414,0.702034674598,0.533407039382,0.677172891208,0.677172891208,0.56190026641,0.541005162741,0.639311405502,0.723319072815
MCL1_HUMAN_5C6H_M_holo_MCL1_HUMAN_5UUM_A_holo,0.333338685871,0.561085621484,0.5675486729,0.378568175348,0.505363559363,0.505363559363,0.429364259518,0.720966725511,0.779154081624,0.724235629183
MCL1_HUMAN_3KJ0_A_holo_MCL1_HUMAN_5C6H_A_holo,0.644444960961,0.642124079934,0.647509310437,0.289208499484,0.591802247811,0.591802247811,0.372822960655,0.770924512281,0.767195583417,0.725079983447
MCL1_HUMAN_3KJ1_A_holo_MCL1_HUMAN_5C6H_A_holo,0.699252739596,0.68663073155,0.687292966459,0.365460896922,0.662781165709,0.662781165709,0.444472366063,0.78903023475,0.722676210411,0.725102108564
MCL1_HUMAN_3IO9_A_holo_MCL1_HUMAN_5C6H_C_holo,0.556586350501,0.589715097579,0.61342464843,0.468532196242,0.581921180321,0.581960089624,0.470222877385,0.686156353346,0.819912259221,0.726521234105
MCL1_HUMAN_3KZ0_A_holo_MCL1_HUMAN_3PK1_A_holo,0.634915530775,0.747587187533,0.750793073731,0.642336772318,0.663716683741,0.663716683741,0.596764299177,0.795865111866,0.832461135768,0.730290457759
MCL1_HUMAN_3IO9_A_holo_MCL1_HUMAN_5C6H_K_holo,0.447008958278,0.634926087963,0.651970623197,0.579697123752,0.563721307786,0.563713396813,0.454122461414,0.581222039981,0.685681432206,0.731354108304
MCL1_HUMAN_3IO9_A_holo_MCL1_HUMAN_5C6H_I_holo,0.518607002517,0.560486414654,0.581704682811,0.429417438089,0.414279347977,0.414279347977,0.309978091095,0.654750694579,0.753596469746,0.732213478942
MCL1_HUMAN_2PQK_A_holo_MCL1_HUMAN_5C6H_W_holo,0.273307260855,0.614522025659,0.630260732614,0.453516259245,0.621632924729,0.621632924729,0.45481626008,0.619538157636,0.73958326906,0.733930567209
MCL1_HUMAN_2NL9_A_holo_MCL1_HUMAN_3PK1_A_holo,0.441707946973,0.689257990773,0.693626894196,0.560245043303,0.656804329003,0.656804329003,0.627938421812,0.762125497208,0.826317088112,0.7360825171
MCL1_HUMAN_5C6H_W_holo_MCL1_HUMAN_5UUM_B_holo,0.235837305445,0.521873447905,0.537729776805,0.448571534322,0.531847068445,0.531847068445,0.421043531365,0.747905394158,0.734812626531,0.736402343379
MCL1_HUMAN_3KZ0_A_holo_MCL1_HUMAN_3PK1_C_holo,0.694360080341,0.730390637284,0.732982187421,0.65245658189,0.682003102811,0.682003102811,0.626503543504,0.772468203446,0.822401263845,0.737474726722
MCL1_HUMAN_3KJ1_A_holo_MCL1_HUMAN_5C6H_G_holo,0.197207731078,0.661613982787,0.669789591912,0.510991244392,0.627278136901,0.62726056549,0.591759157586,0.648479687389,0.79781432915,0.738638392393
MCL1_HUMAN_2NL9_A_holo_MCL1_HUMAN_3PK1_C_holo,0.497089406692,0.677751902022,0.681955324563,0.578276775038,0.666237694759,0.666237694759,0.63636455623,0.79950901262,0.842277639858,0.738973942937
MCL1_HUMAN_2NL9_A_holo_MCL1_HUMAN_5C6H_U_holo,0.378988261356,0.641227315781,0.652007947482,0.523029537853,0.633777175905,0.633777175905,0.597259974442,0.475706781699,0.604205286978,0.74054037852
MCL1_HUMAN_5C6H_K_holo_MCL1_HUMAN_5UUM_B_holo,0.179491161579,0.56299157974,0.5799583248,0.478669027585,0.575645889203,0.575647258881,0.452897214373,0.472571540477,0.607200079662,0.747267610587
MCL1_HUMAN_2NL9_A_holo_MCL1_HUMAN_5C6H_C_holo,0.396742081746,0.611752594816,0.623948183404,0.421872593333,0.643709385995,0.64374845984,0.608340162475,0.694958320422,0.808158292954,0.748681910655
MCL1_HUMAN_5C6H_O_holo_MCL1_HUMAN_5UUM_B_holo,0.215299423694,0.572500729865,0.587266453802,0.438673915069,0.531922699861,0.531921683121,0.433191166252,0.684098856076,0.74288119209,0.757034804179
MCL1_HUMAN_3IO9_A_holo_MCL1_HUMAN_5C6H_A_holo,0.572628090038,0.6132929352,0.622761235325,0.335778269794,0.583140156664,0.583140156664,0.388583773007,0.790860509615,0.733625477797,0.757655453718
MCL1_HUMAN_5C6H_I_holo_MCL1_HUMAN_5UUM_B_holo,0.305168409923,0.558824628598,0.567772827238,0.421420730533,0.430909749511,0.430909749511,0.296745707791,0.660046086055,0.743464018196,0.758397566726
MCL1_HUMAN_3IO9_A_holo_MCL1_HUMAN_5C6H_Q_holo,0.507144628943,0.635129892304,0.65395916771,0.574417002046,0.573878172065,0.573878172065,0.448675154435,0.610284388819,0.727829684009,0.759284071837
MCL1_HUMAN_3IO9_A_holo_MCL1_HUMAN_5C6H_W_holo,0.397075842838,0.614646656752,0.629186412153,0.486665044921,0.548764214338,0.548764214338,0.404098079483,0.665623840472,0.757060118778,0.759868261821
MCL1_HUMAN_3IO9_A_holo_MCL1_HUMAN_5C6H_U_holo,0.425175555189,0.617089727325,0.632198412665,0.540112007661,0.549595381658,0.549595381658,0.473084501702,0.518736147549,0.621326289688,0.761107925772
MCL1_HUMAN_5C6H_Q_holo_MCL1_HUMAN_5UUM_B_holo,0.229196217586,0.577843029028,0.59462530106,0.499206504359,0.539886131644,0.539886131644,0.428322053993,0.542511870165,0.703422839205,0.761532494487
MCL1_HUMAN_3KZ0_A_holo_MCL1_HUMAN_5UUM_B_holo,0.28297417472,0.624317428367,0.637573302386,0.556290952742,0.611413903491,0.611413903491,0.518454734359,0.605981805615,0.699938703469,0.762346408346
MCL1_HUMAN_5C6H_Q_holo_MCL1_HUMAN_5UUM_A_holo,0.247127895651,0.563923355095,0.577621519306,0.448720145745,0.514492104579,0.514492104579,0.4597033174,0.614070506338,0.764309974802,0.762825969537
MCL1_HUMAN_2NL9_A_holo_MCL1_HUMAN_5C6H_M_holo,0.409238640439,0.5653941455,0.569200458565,0.458240222383,0.580102559113,0.580102559113,0.506192942383,0.654901243222,0.712970251599,0.763764282378
MCL1_HUMAN_2PQK_A_holo_MCL1_HUMAN_5C6H_G_holo,0.324294547155,0.656283896075,0.666915519171,0.476675355675,0.626152263827,0.62616262022,0.567777863425,0.610755217398,0.76202398244,0.763787587529
MCL1_HUMAN_2NL9_A_holo_MCL1_HUMAN_5C6H_A_holo,0.664513197682,0.636755264302,0.636582977066,0.326534992419,0.641604199903,0.641604199903,0.431863986938,0.809548195211,0.760137962875,0.764210930696
MCL1_HUMAN_5C6H_G_holo_MCL1_HUMAN_5UUM_B_holo,0.205265815582,0.585090160926,0.605165891978,0.459692606684,0.536938808344,0.536936666235,0.472124106842,0.711303471469,0.721615247081,0.764491317887
MCL1_HUMAN_5C6H_O_holo_MCL1_HUMAN_5UUM_A_holo,0.223087684423,0.564018482995,0.57773376493,0.367694682843,0.521084623924,0.52107376108,0.475991959073,0.707862198692,0.759627770267,0.766438670907
MCL1_HUMAN_2NL9_A_holo_MCL1_HUMAN_5C6H_K_holo,0.260856056935,0.67472251259,0.682236138018,0.514789620622,0.64409866248,0.644099388407,0.592024014209,0.613148533849,0.707723452737,0.767454930621
MCL1_HUMAN_2PQK_A_holo_MCL1_HUMAN_5UUM_B_holo,0.394552293117,0.640317721271,0.653630434079,0.486203065412,0.60850850885,0.60850850885,0.491909773259,0.572268685995,0.632199471483,0.768629918966
MCL1_HUMAN_3KZ0_A_holo_MCL1_HUMAN_5UUM_A_holo,0.318705065619,0.622734054838,0.63275314526,0.51183207646,0.602992916809,0.602992916809,0.558082361949,0.690797230928,0.795565823667,0.769856626472
MCL1_HUMAN_3IO9_A_holo_MCL1_HUMAN_5C6H_G_holo,0.386351035671,0.639724150469,0.6516252673,0.556182913651,0.538817956085,0.538861060017,0.474126200873,0.654194777665,0.779079247036,0.770556427338
MCL1_HUMAN_5C6H_G_holo_MCL1_HUMAN_5UUM_A_holo,0.226417121633,0.580015547901,0.593599103535,0.408216922841,0.50629927863,0.506280321104,0.512327805257,0.72856985283,0.750710582926,0.775319013767
MCL1_HUMAN_3KZ0_B_holo_MCL1_HUMAN_5UUM_A_holo,0.295629669326,0.61527653343,0.620726949567,0.519724476385,0.580641540756,0.580641540756,0.532579679571,0.606781789506,0.749434552228,0.776923642867
MCL1_HUMAN_2NL9_A_holo_MCL1_HUMAN_5C6H_I_holo,0.39520588594,0.595901788007,0.604756189024,0.411173491823,0.460398280215,0.460398280215,0.380398885009,0.6045960306,0.728298998289,0.778675319694
MCL1_HUMAN_3KZ0_B_holo_MCL1_HUMAN_5UUM_B_holo,0.246416814177,0.618437776428,0.626242436639,0.55549778365,0.604069592605,0.604069592605,0.500243944906,0.484605840728,0.625844142126,0.784617067508
MCL1_HUMAN_2NL9_A_holo_MCL1_HUMAN_5C6H_Q_holo,0.31763840638,0.632617910902,0.644622651694,0.544905947527,0.598513595436,0.598513595436,0.521131206102,0.608638607951,0.720038009305,0.786512520365
MCL1_HUMAN_3PK1_A_holo_MCL1_HUMAN_5UUM_A_holo,0.133233813815,0.569462343852,0.57886203187,0.45459548206,0.556677385995,0.556677385995,0.513607347296,0.712586980322,0.771026151758,0.792356038966
MCL1_HUMAN_2PQK_A_holo_MCL1_HUMAN_5UUM_A_holo,0.367474027132,0.655094039265,0.663993207021,0.448354669842,0.587075254901,0.587075254901,0.511294369436,0.602676965018,0.695350036997,0.792590616076
MCL1_HUMAN_3PK1_A_holo_MCL1_HUMAN_5UUM_B_holo,0.195383185387,0.580221945182,0.595409497453,0.505412740724,0.586123432821,0.586123432821,0.489849154017,0.679513684753,0.738246257852,0.799558704657
MCL1_HUMAN_2NL9_A_holo_MCL1_HUMAN_5C6H_W_holo,0.12073636,0.633491664501,0.641508010966,0.469769731229,0.592276302957,0.592276302957,0.479723633334,0.678015949818,0.757897285598,0.800277398097
MCL1_HUMAN_3PK1_C_holo_MCL1_HUMAN_5UUM_A_holo,0.087378910018,0.562789304303,0.573120011655,0.449904140805,0.574446796329,0.574446796329,0.539169607549,0.73046667559,0.771434155469,0.803080093427
MCL1_HUMAN_3KJ2_A_holo_MCL1_HUMAN_5C6H_E_holo,0.237562388905,0.548606522691,0.555987835648,0.388686168119,0.55927712862,0.559277129888,0.477784385244,0.363008081807,0.257167520526,0.803180336323
MCL1_HUMAN_3KJ0_A_holo_MCL1_HUMAN_3KJ2_A_holo,0.534091937537,0.733279347667,0.74445224413,0.558261722695,0.636576844218,0.636576844218,0.507666796794,0.66390735044,0.690382532879,0.803586608538
MCL1_HUMAN_3PK1_C_holo_MCL1_HUMAN_5UUM_B_holo,0.128299227312,0.581991908928,0.595997286855,0.512309897006,0.597229284264,0.597229284264,0.499925191568,0.712674474313,0.747853502829,0.810164725804
MCL1_HUMAN_2NL9_A_holo_MCL1_HUMAN_5UUM_B_holo,0.42485936326,0.617939688483,0.623334197486,0.502443382704,0.5966813714,0.5966813714,0.528196725075,0.622104802962,0.704074634282,0.815793432875
MCL1_HUMAN_2NL9_A_holo_MCL1_HUMAN_5C6H_G_holo,0.205897052225,0.606427067061,0.612007676935,0.492176907548,0.588481479946,0.588476545393,0.619594678715,0.654801510174,0.778087387928,0.819087323192
MCL1_HUMAN_3D7V_A_holo_MCL1_HUMAN_5C6H_E_holo,0.295466127822,0.551161808264,0.559418616003,0.362606039308,0.556112295033,0.556112297267,0.467241822018,0.462288453219,0.315997897529,0.821004317109
MCL1_HUMAN_5C6H_W_holo_MCL1_HUMAN_5UUM_A_holo,0.23901374972,0.513872925669,0.527587079955,0.384381625954,0.505129244663,0.505129244663,0.440107025075,0.766445248641,0.758786179859,0.822089101318
MCL1_HUMAN_3D7V_A_holo_MCL1_HUMAN_3KJ0_A_holo,0.59054934118,0.714957638674,0.729987462241,0.52731802369,0.639074925681,0.639074925681,0.538323068566,0.830163659787,0.842609571518,0.832222980516
MCL1_HUMAN_3KJ0_A_holo_MCL1_HUMAN_3KJ1_A_holo,0.432211978014,0.714386996432,0.725383400462,0.514832166377,0.611906268163,0.611906268163,0.536588743919,0.72299074627,0.787485260157,0.834154838546
MCL1_HUMAN_3KZ0_B_holo_MCL1_HUMAN_5C6H_E_holo,0.396626962083,0.510193688811,0.518926902244,0.409213217206,0.515668831353,0.515668833092,0.47180271388,0.494614345097,0.417164248931,0.835259084683
MCL1_HUMAN_5C6H_I_holo_MCL1_HUMAN_5UUM_A_holo,0.319898348448,0.543589684936,0.552579654787,0.332869247122,0.42874989445,0.42874989445,0.343368568585,0.650631625245,0.746511038114,0.838592753105
MCL1_HUMAN_3KJ2_A_holo_MCL1_HUMAN_5UUM_A_holo,0.379163595311,0.62539903866,0.635534375085,0.484214134472,0.609362158168,0.609362158168,0.529985964238,0.500625435899,0.592266473874,0.838997242848
MCL1_HUMAN_2PQK_A_holo_MCL1_HUMAN_5C6H_E_holo,0.281070971388,0.510822574501,0.520616128836,0.331527924914,0.533577328465,0.53357732738,0.446845780765,0.327890041741,0.332934120969,0.839242097451
MCL1_HUMAN_3KJ2_A_holo_MCL1_HUMAN_5UUM_B_holo,0.348335001921,0.637764658397,0.650110358791,0.517396204896,0.623924459184,0.623924459184,0.49062131066,0.419850404041,0.474532796412,0.842804354921
MCL1_HUMAN_3KJ1_A_holo_MCL1_HUMAN_5C6H_E_holo,0.112595809178,0.533768148034,0.539955512636,0.35111316539,0.516498563541,0.516498561778,0.479583251125,0.402570260311,0.371458233197,0.843948163205
MCL1_HUMAN_3KZ0_A_holo_MCL1_HUMAN_5C6H_E_holo,0.399498065853,0.544368684303,0.550478385349,0.413971561661,0.537706240806,0.537706241491,0.50117945897,0.521211596664,0.416737836059,0.846888504625
MCL1_HUMAN_2PQK_A_holo_MCL1_HUMAN_3KJ0_A_holo,0.60318207954,0.657594483673,0.673817970128,0.48423623606,0.61861460661,0.61861460661,0.514406613592,0.753496051908,0.805021555814,0.850949780656
MCL1_HUMAN_3IO9_A_holo_MCL1_HUMAN_3KJ0_A_holo,0.741988236541,0.614754456057,0.632893599286,0.511008152173,0.548051609301,0.548051609301,0.435087008511,0.75042088899,0.808380795727,0.851419214176
MCL1_HUMAN_3KJ0_A_holo_MCL1_HUMAN_3KZ0_A_holo,0.622378533105,0.71099845634,0.722996059761,0.596614284992,0.624964481387,0.624964481387,0.509989958941,0.671492989495,0.770388825003,0.853803727604
MCL1_HUMAN_5C6H_E_holo_MCL1_HUMAN_5UUM_A_holo,0.129769791432,0.444672609941,0.452629820843,0.278351918095,0.413043454451,0.413043454966,0.434816194319,0.655056753498,0.612277166487,0.855728132396
MCL1_HUMAN_5C6H_E_holo_MCL1_HUMAN_5UUM_B_holo,0.119197710403,0.483951174551,0.49718743779,0.356157223047,0.45108972151,0.451089719195,0.389564780399,0.60612142482,0.611734542749,0.858802760577
MCL1_HUMAN_3KJ0_A_holo_MCL1_HUMAN_3KZ0_B_holo,0.663031819926,0.690560506632,0.702854003093,0.578291393936,0.597442553736,0.597442553736,0.490624376235,0.651555138453,0.735647520534,0.858917477017
MCL1_HUMAN_2NL9_A_holo_MCL1_HUMAN_5UUM_A_holo,0.460077415928,0.620383406111,0.625948814149,0.45872650737,0.575565933233,0.575565933233,0.546901629292,0.659532136875,0.754226807999,0.861372331298
MCL1_HUMAN_3IO9_A_holo_MCL1_HUMAN_5C6H_E_holo,0.405923758608,0.476968127038,0.48493937416,0.369804500725,0.441175439524,0.441175440287,0.393117213294,0.418661037355,0.377815996562,0.867344793304
MCL1_HUMAN_3KJ1_A_holo_MCL1_HUMAN_5UUM_B_holo,0.468931601058,0.639620273144,0.648446965696,0.495063842043,0.606661475535,0.606661475535,0.507391495163,0.53103313738,0.635111919846,0.869291373226
MCL1_HUMAN_3KJ1_A_holo_MCL1_HUMAN_5UUM_A_holo,0.498833407024,0.635524385382,0.643041365189,0.476893863587,0.597671449473,0.597671449473,0.541644021724,0.597645630348,0.723956069461,0.878024055616
MCL1_HUMAN_2NL9_A_holo_MCL1_HUMAN_5C6H_E_holo,0.143137286196,0.500235428215,0.502143406206,0.352279965665,0.499703888528,0.499703887141,0.491294605297,0.397217929034,0.348586710515,0.88227671548
MCL1_HUMAN_3KJ0_A_holo_MCL1_HUMAN_5UUM_B_holo,0.0412448846325,0.621083709129,0.633745341636,0.484272460391,0.545897293321,0.545897293321,0.432295606161,0.692025132801,0.749278056806,0.883533891761
MCL1_HUMAN_5C6H_K_holo_MCL1_HUMAN_5UUM_A_holo,0.169398263182,0.556327153938,0.570348604022,0.444899217709,0.546017492344,0.546020452357,0.491851756752,0.540141433659,0.694332885248,0.892799356219
MCL1_HUMAN_3KJ0_A_holo_MCL1_HUMAN_5UUM_A_holo,0.0145803681035,0.586131504834,0.602030555271,0.41224025737,0.531353149069,0.531353149069,0.455613833058,0.705962628424,0.756485221698,0.903176957844
MCL1_HUMAN_2NL9_A_holo_MCL1_HUMAN_3KJ0_A_holo,0.440712922549,0.689009199598,0.69759850991,0.495045417738,0.626075841322,0.626075841322,0.54535350278,0.740125431966,0.805814845175,0.907625928763
B2CL1_HUMAN_3IO8_A_holo_B2CL1_HUMAN_3PL7_A_holo,0.734022473351,0.457583070462,0.460709426937,0.415646750455,0.338557175789,0.338557175789,0.273016771126,0.665420966315,0.764280179836,0.933671808054
B2CL1_HUMAN_3FDL_A_holo_B2CL1_HUMAN_3PL7_A_holo,0.724945538872,0.446616646921,0.456205469923,0.52979428805,0.27800293264,0.27804117526,0.351122839614,0.75360088256,0.76024690377,0.984976433787
B2CL1_HUMAN_3IO8_A_holo_B2CL1_HUMAN_4HNJ_A_holo,0.657377578087,0.454290603097,0.456630697713,0.415332043759,0.438990591861,0.438978569511,0.378529974094,0.641140191993,0.619626066225,1.00001461587
B2CL1_HUMAN_2PON_B_holo_B2CL1_HUMAN_5FMK_A_holo,0.188192218456,0.564742195057,0.565445728624,0.257821766387,0.34464121946,0.34469960088,0.167639480684,0.72180929534,0.680561562496,1.04457499725
MCL1_HUMAN_5C6H_A_holo_MCL1_HUMAN_5UUM_B_holo,0.392515416432,0.57472775993,0.579602097154,0.281413820272,0.550365820607,0.550365820607,0.317972028826,0.646445515501,0.709744297157,1.12234789871
MCL1_HUMAN_5C6H_A_holo_MCL1_HUMAN_5UUM_A_holo,0.425430025251,0.560099955237,0.562384440715,0.268501191575,0.537666578304,0.537666578304,0.382807703283,0.697214142374,0.74037032219,1.15551357512
MCL1_HUMAN_5C6H_U_holo_MCL1_HUMAN_5UUM_B_holo,0.348314345797,0.600156526499,0.614672258901,0.468767191916,0.577383902167,0.577383902167,0.463434747325,0.492575098523,0.578059200949,1.19032847823
B2CL1_HUMAN_3PL7_A_holo_B2CL1_HUMAN_4HNJ_A_holo,0.687984732003,0.397327514101,0.400340358408,0.409574005779,0.299228309427,0.299233944426,0.333216183034,0.631293454678,0.596495163139,1.19818876187
MCL1_HUMAN_2KBW_A_holo_MCL1_HUMAN_3D7V_A_holo,0.518250347698,0.470954807702,0.489284983408,0.268144290396,0.49028642877,0.49028642877,0.386347158177,0.488180248126,0.346936075441,1.20914721211
MCL1_HUMAN_5C6H_U_holo_MCL1_HUMAN_5UUM_A_holo,0.317586464588,0.576797323311,0.589474386797,0.413834824169,0.550582825033,0.550582825033,0.484858058949,0.547660820178,0.674367567872,1.22295085591
B2CL1_HUMAN_2P1L_C_holo_B2CL1_HUMAN_3PL7_A_holo,0.231338489739,0.36691769185,0.381045278431,0.355328795626,0.281158891445,0.281158891445,0.287390295201,0.782537644877,0.815642712963,1.23472523313
B2CL1_HUMAN_2P1L_G_holo_B2CL1_HUMAN_3PL7_A_holo,0.383307253064,0.368928713094,0.382569791911,0.368172826751,0.30436507237,0.30436507237,0.303424423321,0.818722856414,0.81856277479,1.23610623575
MCL1_HUMAN_2KBW_A_holo_MCL1_HUMAN_3KJ2_A_holo,0.506909083071,0.459968311856,0.477095473102,0.289626097107,0.471584119156,0.471584119156,0.36940183667,0.432988266331,0.440827476839,1.26275783069
B2CL1_HUMAN_2P1L_A_holo_B2CL1_HUMAN_3PL7_A_holo,0.558896243141,0.385834633869,0.395142553024,0.413498528628,0.26408306354,0.26408306354,0.335607579102,0.826526164056,0.803754823827,1.28555401492
B2CL1_HUMAN_3FDL_A_holo_B2CL1_HUMAN_3IO8_A_holo,0.689838057793,0.509483947848,0.509449774648,0.496791947576,0.358772898355,0.359199509969,0.34391485286,0.781858097857,0.809851637754,1.28639173716
B2CL1_HUMAN_2P1L_E_holo_B2CL1_HUMAN_3PL7_A_holo,0.268663599994,0.376820975619,0.39050881943,0.324802385324,0.308333667497,0.308333667497,0.33020938437,0.764855045321,0.773464520262,1.30552271017
MCL1_HUMAN_2KBW_A_holo_MCL1_HUMAN_2PQK_A_holo,0.4999566371,0.445047509206,0.462797590164,0.237791367487,0.439756968707,0.439756968707,0.36733007607,0.393079638821,0.355348890066,1.30556333312
MCL1_HUMAN_2KBW_A_holo_MCL1_HUMAN_2NL9_A_holo,0.424016945738,0.438978855564,0.448446191106,0.240490673348,0.437845415449,0.437845415449,0.406710053019,0.487184813873,0.364626530157,1.31563132406
B2CL1_HUMAN_2P1L_G_holo_B2CL1_HUMAN_3FDL_A_holo,0.544495525313,0.455918458006,0.458955619211,0.350649839818,0.307188555303,0.307358485301,0.318424140354,0.764680679162,0.804878977326,1.31952532183
B2CL1_HUMAN_2P1L_C_holo_B2CL1_HUMAN_3FDL_A_holo,0.444466721527,0.492127819558,0.495763987813,0.406068084246,0.279281113557,0.27933646188,0.331234189262,0.806364904205,0.820618718792,1.33579289959
MCL1_HUMAN_2KBW_A_holo_MCL1_HUMAN_3KJ0_A_holo,0.572214643663,0.461852710938,0.479681801042,0.289159661508,0.432359362385,0.432359362385,0.328531920538,0.540948078112,0.361141378262,1.33954416178
MCL1_HUMAN_2KBW_A_holo_MCL1_HUMAN_5C6H_W_holo,0.503983879929,0.409896853436,0.421303972514,0.268678143684,0.40110148992,0.40110148992,0.287040834897,0.686781875549,0.476087634533,1.34807835639
B2CL1_HUMAN_2P1L_E_holo_B2CL1_HUMAN_3FDL_A_holo,0.486401740058,0.449275597918,0.454298453017,0.294270182403,0.290645797684,0.290632705031,0.333102586961,0.780025167186,0.801404359754,1.34838857904
MCL1_HUMAN_2KBW_A_holo_MCL1_HUMAN_3KZ0_A_holo,0.545235312622,0.442725837547,0.460794302567,0.303399340956,0.470746141394,0.470746141394,0.369361267428,0.576210429178,0.465231239387,1.3495288928
MCL1_HUMAN_2KBW_A_holo_MCL1_HUMAN_5C6H_Q_holo,0.583732521095,0.391732233425,0.408615634757,0.262263529642,0.408693490463,0.408693490463,0.319740643478,0.653939032819,0.554047562203,1.35575353143
B2CL1_HUMAN_3FDL_A_holo_B2CL1_HUMAN_4QVF_A_holo,0.725976236678,0.420021412539,0.430806269528,0.437941371107,0.310426936056,0.310327844602,0.330565177896,0.814629707633,0.831040899294,1.35690584831
B2CL1_HUMAN_2P1L_A_holo_B2CL1_HUMAN_3FDL_A_holo,0.536911508859,0.478356504284,0.4859930905,0.431198531901,0.304354088119,0.304417079574,0.358726485891,0.786412911968,0.847180335756,1.35748482813
MCL1_HUMAN_2KBW_A_holo_MCL1_HUMAN_5C6H_I_holo,0.562057525166,0.443468519667,0.458474919029,0.227398656911,0.356182145511,0.356182145511,0.245718103341,0.592575241423,0.358509216552,1.35866408836
MCL1_HUMAN_2KBW_A_holo_MCL1_HUMAN_5C6H_O_holo,0.569761291548,0.381410206617,0.392527407608,0.255497684441,0.420047423101,0.420055796234,0.351614546383,0.611764703856,0.432669828101,1.36389596886
B2CL1_HUMAN_3FDL_A_holo_B2CL1_HUMAN_4CIN_A_holo,0.465121102103,0.365473787186,0.353211797122,0.414490785562,0.241528544071,0.241693117217,0.274177358485,0.61010881759,0.618950485415,1.36629753487
MCL1_HUMAN_2KBW_A_holo_MCL1_HUMAN_5C6H_E_holo,0.544422588003,0.366419285803,0.377380989056,0.251260899975,0.338259317965,0.338259317761,0.315303746012,0.741219434402,0.594134803691,1.36827264119
B2CL1_HUMAN_3IO8_A_holo_B2CL1_HUMAN_4CIN_A_holo,0.343484395677,0.475013763316,0.472171562346,0.372951608038,0.379903791811,0.379903791811,0.283655906262,0.637276438274,0.621063492771,1.37422314115
MCL1_HUMAN_2KBW_A_holo_MCL1_HUMAN_5C6H_U_holo,0.609329424597,0.435411421385,0.447836762266,0.256435665936,0.411048044879,0.411048044879,0.343176096432,0.619985599604,0.457493729914,1.37932512351
MCL1_HUMAN_2KBW_A_holo_MCL1_HUMAN_5C6H_C_holo,0.596566357625,0.424482334171,0.438534266239,0.221262854516,0.439519145594,0.43952247347,0.362320502787,0.621419738136,0.435651170902,1.38097959981
MCL1_HUMAN_2KBW_A_holo_MCL1_HUMAN_5C6H_M_holo,0.552086969899,0.388893882273,0.397781871483,0.270001156929,0.419273806632,0.419273806632,0.309116892054,0.648367922126,0.542168848342,1.38187622911
B2CL1_HUMAN_4QVF_A_holo_B2CL1_HUMAN_5FMK_A_holo,0.472149244457,0.464083180516,0.468156299468,0.400268327321,0.331996228125,0.331996228125,0.279172959137,0.770704980091,0.599465263038,1.38566312862
MCL1_HUMAN_2KBW_A_holo_MCL1_HUMAN_3IO9_A_holo,0.444740097961,0.39510086045,0.411521795117,0.297717452881,0.370550560786,0.370550560786,0.308401598335,0.467488265734,0.41337778172,1.38993725915
MCL1_HUMAN_2KBW_A_holo_MCL1_HUMAN_5C6H_G_holo,0.533558556824,0.411233714619,0.425670198159,0.282512074301,0.40529243633,0.405301249354,0.369324504534,0.649534552998,0.432299216392,1.39035814315
MCL1_HUMAN_2KBW_A_holo_MCL1_HUMAN_5C6H_K_holo,0.582185101791,0.419246834322,0.433466958424,0.273589728785,0.404561535671,0.404564901634,0.351570874289,0.53700617062,0.483348517479,1.3909352564
MCL1_HUMAN_2KBW_A_holo_MCL1_HUMAN_3KJ1_A_holo,0.391710376842,0.457151128807,0.473310639434,0.259706305306,0.437252753791,0.437252753791,0.370440943713,0.434758760204,0.35659658176,1.39261740462
MCL1_HUMAN_2KBW_A_holo_MCL1_HUMAN_3KZ0_B_holo,0.558254648581,0.440933121207,0.458984102668,0.299185729225,0.459639383912,0.459639383912,0.354360955715,0.522800369138,0.529748006514,1.39418202307
MCL1_HUMAN_2KBW_A_holo_MCL1_HUMAN_5C6H_A_holo,0.519296616759,0.407133729096,0.412508216897,0.202591481783,0.444793665999,0.444793665999,0.303741421199,0.535284458751,0.370937504446,1.39614577731
B2CL1_HUMAN_3PL7_A_holo_B2CL1_HUMAN_4CIN_A_holo,0.297604061349,0.37266419946,0.379389886155,0.29087304749,0.33252657233,0.33252657233,0.196940376207,0.535703166957,0.564475543498,1.39655213251
B2CL1_HUMAN_4QVE_A_holo_B2CL1_HUMAN_5FMK_A_holo,0.580325438439,0.504684691352,0.493805200224,0.404742697922,0.304961762901,0.304961762901,0.236127765674,0.796651235341,0.662993911546,1.41764650864
MCL1_HUMAN_2KBW_A_holo_MCL1_HUMAN_3PK1_A_holo,0.591079556368,0.410551952585,0.425650523076,0.306708335282,0.428358918092,0.428358918092,0.38484172857,0.646295945608,0.468836107653,1.43781440087
MCL1_HUMAN_2KBW_A_holo_MCL1_HUMAN_3PK1_C_holo,0.632071513951,0.419714639885,0.433046893079,0.294443861599,0.434915470347,0.434915470347,0.386078516585,0.595222419357,0.405138722866,1.43885163643
B2CL1_HUMAN_2P1L_A_holo_B2CL1_HUMAN_5FMK_A_holo,0.365056032985,0.423690710073,0.439417788171,0.392691215284,0.316309955373,0.316309955373,0.299961342531,0.707061778064,0.557153909105,1.48137023212
B2CL1_HUMAN_2P1L_E_holo_B2CL1_HUMAN_5FMK_A_holo,0.228410231165,0.418518835488,0.432910026438,0.357449188529,0.337568113612,0.337568113612,0.342135292106,0.719466802036,0.580636737616,1.50940076681
B2CL1_HUMAN_2P1L_C_holo_B2CL1_HUMAN_5FMK_A_holo,0.207920000857,0.380147678466,0.396372008181,0.379942863057,0.194902175696,0.194902175696,0.306188460808,0.617460844592,0.433799778248,1.52692273806
B2CL1_HUMAN_2PON_B_holo_B2CL1_HUMAN_4QVE_A_holo,0.360211057899,0.580393644064,0.573151816358,0.274026722631,0.350365949899,0.350348865536,0.173902190289,0.8157680927,0.694498501113,1.52747526336
B2CL1_HUMAN_3PL7_A_holo_B2CL1_HUMAN_4QVF_A_holo,0.584167014207,0.321772790803,0.330230460623,0.412654700715,0.3386004411,0.3386004411,0.30440302938,0.792313613678,0.70296584662,1.54938552446
B2CL1_HUMAN_2P1L_G_holo_B2CL1_HUMAN_5FMK_A_holo,0.267825907944,0.431357340522,0.434453689347,0.369330413528,0.222484329764,0.222484329764,0.321013532047,0.71805623308,0.587052210993,1.55315392154
B2CL1_HUMAN_2P1L_C_holo_B2CL1_HUMAN_3IO8_A_holo,0.279225329407,0.477793030657,0.487805686653,0.322779960996,0.311765637038,0.311765637038,0.315108616586,0.748034577677,0.718372654195,1.57454529787
B2CL1_HUMAN_2P1L_G_holo_B2CL1_HUMAN_3IO8_A_holo,0.32510646797,0.394243364317,0.400722783083,0.269258287215,0.376873749267,0.376873749267,0.274157748946,0.648605230212,0.710571093572,1.5833162641
B2CL1_HUMAN_2PON_B_holo_B2CL1_HUMAN_4QVF_A_holo,0.594471853394,0.495106392678,0.499501796034,0.179065141991,0.422944081022,0.423093840246,0.149219147265,0.691650371098,0.550085591121,1.59767541973
B2CL1_HUMAN_1G5J_A_holo_B2CL1_HUMAN_4HNJ_A_holo,0.894801520948,0.258303700049,0.256956314986,0.297285391043,0.225401896513,0.22576518866,0.22193611086,0.804243058643,0.704340851611,1.60705732956
B2CL1_HUMAN_2P1L_G_holo_B2CL1_HUMAN_4HNJ_A_holo,0.122045723971,0.23138744186,0.244573479512,0.289497076081,0.393745912205,0.393733928227,0.325851185614,0.743667647519,0.680095809713,1.60781138174
B2CL1_HUMAN_1G5J_A_holo_B2CL1_HUMAN_3IO8_A_holo,0.699969445538,0.368834473902,0.367725253026,0.249068133816,0.229371440119,0.22965765058,0.218285147373,0.627599303563,0.620714614057,1.60863996527
B2CL1_HUMAN_2P1L_A_holo_B2CL1_HUMAN_4QVE_A_holo,0.598983672877,0.457144769118,0.461447245395,0.333799234332,0.356930536284,0.356930536284,0.205223976668,0.735489578752,0.568534204905,1.61128771392
B2CL1_HUMAN_2P1L_C_holo_B2CL1_HUMAN_4HNJ_A_holo,0.11647133295,0.256233324736,0.275211723439,0.336924798818,0.305279408665,0.305272321796,0.346108301024,0.662229047779,0.603446082245,1.61212124701
B2CL1_HUMAN_2P1L_C_holo_B2CL1_HUMAN_4QVE_A_holo,0.558381878409,0.442893101175,0.453696973184,0.318936134224,0.337445776087,0.337445776087,0.206726372943,0.715503959578,0.56307004852,1.61291790781
B2CL1_HUMAN_2P1L_A_holo_B2CL1_HUMAN_2PON_B_holo,0.434317292405,0.496534607346,0.504923515918,0.168021396418,0.341875543684,0.341974665562,0.192479884759,0.669412804303,0.598160276931,1.61508675281
B2CL1_HUMAN_2P1L_A_holo_B2CL1_HUMAN_3IO8_A_holo,0.514842381087,0.45137251096,0.457218811467,0.350246747415,0.246018900544,0.246018900544,0.260226800722,0.71991091711,0.751920337745,1.61920848307
B2CL1_HUMAN_2P1L_E_holo_B2CL1_HUMAN_2PON_B_holo,0.508856738606,0.48220785355,0.489052363355,0.196418399853,0.377754511744,0.37786279118,0.200560539825,0.715880513411,0.625950823858,1.64435401835
B2CL1_HUMAN_2P1L_E_holo_B2CL1_HUMAN_3IO8_A_holo,0.286847761958,0.399457056654,0.406359849991,0.245438954071,0.231832016419,0.231832016419,0.273841226633,0.676395525214,0.689555611103,1.64543811374
B2CL1_HUMAN_2P1L_A_holo_B2CL1_HUMAN_4HNJ_A_holo,0.32442368643,0.274397220559,0.282967800942,0.292717636684,0.249325484116,0.24930983965,0.317268052227,0.731817034599,0.626883423778,1.64976773646
B2CL1_HUMAN_2P1L_G_holo_B2CL1_HUMAN_4QVE_A_holo,0.617097580159,0.458155191487,0.46141060405,0.383274263705,0.306676596351,0.306676596351,0.254746121016,0.756939828103,0.64519580181,1.65740895035
B2CL1_HUMAN_2P1L_E_holo_B2CL1_HUMAN_4HNJ_A_holo,0.118413106699,0.243743760206,0.256012040158,0.267710716375,0.229555449623,0.229528692866,0.29781637115,0.695286330358,0.632299839044,1.6603468927
B2CL1_HUMAN_2P1L_C_holo_B2CL1_HUMAN_2PON_B_holo,0.40126593355,0.4784323183,0.484482709317,0.208348464862,0.335204961892,0.335348950367,0.16300838594,0.6773702609,0.568101108568,1.6649491816
B2CL1_HUMAN_2P1L_G_holo_B2CL1_HUMAN_2PON_B_holo,0.619255737607,0.491467291671,0.497799370716,0.211770495033,0.324391180523,0.324499239215,0.193639455763,0.655852751415,0.608380017255,1.67996569279
B2CL1_HUMAN_2P1L_E_holo_B2CL1_HUMAN_4QVE_A_holo,0.617990059633,0.43913629111,0.44258615837,0.339474001297,0.352170604697,0.352170604697,0.227601613249,0.732963114997,0.622832178849,1.68775640921
MCL1_HUMAN_2KBW_A_holo_MCL1_HUMAN_5UUM_B_holo,0.137417088935,0.40109766273,0.415601169277,0.266402253541,0.393550607894,0.393550607894,0.299418632172,0.611447905265,0.416342918328,1.75587796333
B2CL1_HUMAN_3FDL_A_holo_B2CL1_HUMAN_4HNJ_A_holo,0.481874225072,0.357382286646,0.356532990073,0.505694700672,0.355633546452,0.355997763302,0.439822110114,0.69662335132,0.621160867456,1.76770339102
B2CL1_HUMAN_4CIN_A_holo_B2CL1_HUMAN_4HNJ_A_holo,-0.0116310969144,0.420169151222,0.424259053945,0.379535234321,0.341236492559,0.341245335448,0.298273725058,0.503015067039,0.353518243587,1.78142785444
B2CL1_HUMAN_3IO8_A_holo_B2CL1_HUMAN_4QVF_A_holo,0.4703644561,0.349957162605,0.360532740691,0.345429875957,0.288694046747,0.288694046747,0.264351059021,0.710502547187,0.688288367834,1.7900209364
B2CL1_HUMAN_4HNJ_A_holo_B2CL1_HUMAN_4QVF_A_holo,0.307220978194,0.228205535458,0.233048716538,0.29185991424,0.269077864767,0.269072761504,0.277616083101,0.790630768338,0.62631762231,1.80636098566
MCL1_HUMAN_2KBW_A_holo_MCL1_HUMAN_5UUM_A_holo,0.090863585706,0.423541821791,0.435652157843,0.243634457631,0.430817354667,0.430817354667,0.326644080322,0.660425638309,0.495134843831,1.81468239222
B2CL1_HUMAN_2P1L_C_holo_B2CL1_HUMAN_4CIN_A_holo,0.440903829614,0.349187434532,0.33688459812,0.307782260064,0.228370866618,0.228370866618,0.243652954276,0.614505018643,0.503139812488,1.82071341898
B2CL1_HUMAN_2P1L_G_holo_B2CL1_HUMAN_4CIN_A_holo,0.502175543999,0.254297533,0.247031385246,0.155823693809,0.272031299701,0.272031299701,0.191995945643,0.629327464693,0.597721552153,1.83206565615
B2CL1_HUMAN_4QVE_A_holo_B2CL1_HUMAN_4QVF_A_holo,0.593526991776,0.404808034886,0.406621709186,0.34856962286,0.381622312717,0.381622312717,0.183353025882,0.775607141063,0.598015162638,1.84072291315
B2CL1_HUMAN_2P1L_E_holo_B2CL1_HUMAN_4CIN_A_holo,0.446846413897,0.279693826362,0.267846919097,0.196521649916,0.178577364001,0.178577364001,0.213527117387,0.596000469529,0.53689495342,1.84760509081
B2CL1_HUMAN_1G5J_A_holo_B2CL1_HUMAN_3PL7_A_holo,0.712967313103,0.284514488438,0.289228156003,0.232793266702,0.247317850863,0.247446867067,0.197792326315,0.545471620279,0.553989961825,1.84815237713
B2CL1_HUMAN_2P1L_A_holo_B2CL1_HUMAN_4CIN_A_holo,0.487102799315,0.299959784859,0.285545954372,0.276375556892,0.157892040448,0.157892040448,0.209142183804,0.604628683475,0.606245137554,1.84929796671
B2CL1_HUMAN_3PL7_A_holo_B2CL1_HUMAN_4QVE_A_holo,0.60417095727,0.297135630058,0.311735936744,0.237036667148,0.286207628384,0.286207628384,0.18070879234,0.693166351368,0.520311464813,1.94050573477
B2CL1_HUMAN_3FDL_A_holo_B2CL1_HUMAN_5FMK_A_holo,0.517618335256,0.426046128871,0.439714977363,0.402662154957,0.223345953784,0.222970943056,0.253145512969,0.673029918989,0.516290288046,1.95388167825
B2CL1_HUMAN_3FDL_A_holo_B2CL1_HUMAN_4QVE_A_holo,0.644739661425,0.380890051824,0.381153305337,0.214843121985,0.193074376899,0.193217316971,0.151030498371,0.726226792499,0.54735944038,2.03971256942
B2CL1_HUMAN_3IO8_A_holo_B2CL1_HUMAN_4QVE_A_holo,0.630273313115,0.370518863505,0.365680728123,0.161286336491,0.206597180488,0.206597180488,0.11753175942,0.634192005215,0.436718984999,2.04481521158
B2CL1_HUMAN_4CIN_A_holo_B2CL1_HUMAN_4QVF_A_holo,0.480444426768,0.272448613521,0.261456034921,0.213103417244,0.246587251659,0.246587251659,0.188172638674,0.534378450812,0.543603777629,2.0682192688
B2CL1_HUMAN_4HNJ_A_holo_B2CL1_HUMAN_4QVE_A_holo,0.509149868285,0.320158116189,0.316255353581,0.227757312046,0.256994070037,0.256983961546,0.13296137633,0.815255506477,0.713759852132,2.06920695581
B2CL1_HUMAN_3PL7_A_holo_B2CL1_HUMAN_5FMK_A_holo,0.692069667058,0.31328534991,0.327852190428,0.361269909034,0.201468219914,0.201468219914,0.255431044739,0.577094051587,0.412106787598,2.08747940861
B2CL1_HUMAN_2PON_B_holo_B2CL1_HUMAN_3FDL_A_holo,0.475237339627,0.444563865733,0.44241533676,0.134137620583,0.275497322917,0.27519027531,0.155079703714,0.684453183154,0.579473299343,2.14036042528
B2CL1_HUMAN_2PON_B_holo_B2CL1_HUMAN_4HNJ_A_holo,-0.0864470626373,0.340482455905,0.341087085049,0.198075073414,0.333302099284,0.333230246783,0.162565959424,0.684950718638,0.723084891137,2.17248016843
B2CL1_HUMAN_4HNJ_A_holo_B2CL1_HUMAN_5FMK_A_holo,0.792721095142,0.315402683923,0.325947193195,0.355768627904,0.160043094783,0.160026823131,0.290383746655,0.844217591779,0.697749842682,2.20204261996
B2CL1_HUMAN_2PON_B_holo_B2CL1_HUMAN_3PL7_A_holo,0.356313063341,0.299413833737,0.303132805258,0.140968070559,0.301568442226,0.301588039448,0.142946899491,0.61810325613,0.616340978746,2.20258374908
B2CL1_HUMAN_3IO8_A_holo_B2CL1_HUMAN_5FMK_A_holo,0.561270799794,0.344194444723,0.356363980447,0.279700546312,0.086099819034,0.086099819034,0.191883423005,0.614626727632,0.497856952503,2.26711542062
B2CL1_HUMAN_1G5J_A_holo_B2CL1_HUMAN_4CIN_A_holo,0.0106141504913,0.316881508186,0.316285288826,0.209019619369,0.242533860123,0.242779056781,0.177184308425,0.572834965223,0.488062467019,2.33620451467
B2CL1_HUMAN_1G5J_A_holo_B2CL1_HUMAN_3FDL_A_holo,0.563113961535,0.317233634234,0.310331317427,0.313617721698,0.187533427121,0.187264639387,0.254965539208,0.619363132475,0.623776379539,2.36931868107
B2CL1_HUMAN_2PON_B_holo_B2CL1_HUMAN_3IO8_A_holo,0.105521091765,0.393615997347,0.388868559263,0.094573962757,0.262068072119,0.262174271441,0.108750751486,0.659582649182,0.585280159749,2.40477224719
B2CL1_HUMAN_4CIN_A_holo_B2CL1_HUMAN_4QVE_A_holo,0.365600056718,0.236648469728,0.228093093653,0.106134316727,0.0965894771475,0.0965894771475,0.0451542231317,0.467825002872,0.210648176546,2.41185783972
B2CL1_HUMAN_1G5J_A_holo_B2CL1_HUMAN_2P1L_C_holo,0.128934322685,0.316670505194,0.310590654342,0.16619199991,0.21792638143,0.218108297405,0.164785067032,0.645565458838,0.579633886948,2.49283826563
B2CL1_HUMAN_1G5J_A_holo_B2CL1_HUMAN_4QVE_A_holo,0.538553553244,0.233453696092,0.220246950319,0.0999978072725,0.201800252365,0.201928505157,0.0782834307337,0.725748454642,0.693285305478,2.49388890584
B2CL1_HUMAN_1G5J_A_holo_B2CL1_HUMAN_2P1L_G_holo,0.138801248427,0.289988739171,0.283744560987,0.142032835688,0.223935712129,0.224056327132,0.160228016625,0.725375242846,0.675408323618,2.504864295
B2CL1_HUMAN_1G5J_A_holo_B2CL1_HUMAN_2P1L_A_holo,0.296876385217,0.287904184491,0.283316770083,0.161365356454,0.212733842935,0.212637349058,0.175769885082,0.705172811014,0.605667154626,2.51984436816
B2CL1_HUMAN_1G5J_A_holo_B2CL1_HUMAN_2P1L_E_holo,0.137145187566,0.258770908237,0.254741528628,0.0905880411749,0.24669339859,0.246604156,0.153399394085,0.643412601463,0.628492842314,2.55602665312
B2CL1_HUMAN_4CIN_A_holo_B2CL1_HUMAN_5FMK_A_holo,0.0301456221833,0.168478002262,0.170707018586,0.190496672573,0.0719278124794,0.0719278124794,0.111342212661,0.529922028351,0.362679509823,2.57438763148
B2CL1_HUMAN_1G5J_A_holo_B2CL1_HUMAN_4QVF_A_holo,0.406771816294,0.241525013622,0.246666877315,0.157803987477,0.259661136109,0.259493756342,0.159495908088,0.724345457426,0.572393437241,2.63195890176
B2CL1_HUMAN_2PON_B_holo_B2CL1_HUMAN_4CIN_A_holo,0.534148979208,0.248687473152,0.23961444662,0.086308203023,0.220520260259,0.220551873263,0.0718601467773,0.522202075718,0.295847789912,2.71131926502
B2CL1_HUMAN_1G5J_A_holo_B2CL1_HUMAN_2PON_B_holo,-0.0121003372116,0.25271550165,0.244237601584,0.0670998956978,0.264992722105,0.265014450041,0.0831753244872,0.661046773618,0.640169454291,2.74335511307
B2CL1_HUMAN_1G5J_A_holo_B2CL1_HUMAN_5FMK_A_holo,0.804175309225,0.200718932147,0.198428880121,0.20565280428,0.175896827564,0.175975261092,0.112742472112,0.787514753386,0.620107830861,2.96769979166
B2CL1_HUMAN_2M04_A_holo_B2CL1_HUMAN_4QVF_A_holo,0.0403155453103,0.117706002382,0.117908942176,0.190360431321,0.128722798447,0.128722137074,0.148922185543,0.782817254546,0.320522407938,3.06759730345
B2CL1_HUMAN_2M04_A_holo_B2CL1_HUMAN_2PON_B_holo,-0.168250938408,0.156408514752,0.1724251235,0.0498867496314,0.175939851986,0.175933547643,0.0563394086419,0.552587077529,0.299954611106,3.10331592917
B2CL1_HUMAN_2M04_A_holo_B2CL1_HUMAN_3FDL_A_holo,0.160077794846,0.143376764177,0.128872463321,0.245332436099,0.152888089465,0.153006618655,0.208747948793,0.603114592501,0.3620162442,3.17887989059
B2CL1_HUMAN_2M04_A_holo_B2CL1_HUMAN_4HNJ_A_holo,0.58938221535,0.22009756617,0.221121432762,0.269663154013,0.280127748015,0.280148370976,0.26932052329,0.757405015297,0.42245171192,3.27196186029
B2CL1_HUMAN_2M04_A_holo_B2CL1_HUMAN_2P1L_C_holo,0.0482205119078,0.159711900041,0.165559832489,0.0235844237036,0.161247719903,0.161248839846,0.141623609621,0.524908501296,0.346880595276,3.28488952941
B2CL1_HUMAN_2M04_A_holo_B2CL1_HUMAN_2P1L_A_holo,0.208813228926,0.16571163314,0.166025942536,0.104757641405,0.0803685548947,0.0803656340337,0.176387702921,0.651514120213,0.325622979501,3.2857296771
B2CL1_HUMAN_2M04_A_holo_B2CL1_HUMAN_2P1L_E_holo,0.0652424491098,0.139628353618,0.146028184356,0.0407615686501,0.0805908891422,0.0805940428415,0.113797554333,0.523400941113,0.285830798603,3.30127578748
B2CL1_HUMAN_2M04_A_holo_B2CL1_HUMAN_2P1L_G_holo,0.058546056168,0.121963258764,0.126213748099,0.153395065063,0.213618124723,0.213618562303,0.154568160439,0.69689292899,0.358509500716,3.30757871684
B2CL1_HUMAN_2M04_A_holo_B2CL1_HUMAN_3IO8_A_holo,0.317457983959,0.231014045489,0.223976015898,0.199747536444,0.234925227362,0.234926745368,0.184861661846,0.490474330483,0.33263959312,3.33635162091
B2CL1_HUMAN_2M04_A_holo_B2CL1_HUMAN_3PL7_A_holo,0.298967533315,0.222009480743,0.224190528878,0.211042734352,0.224733381658,0.224734027095,0.23072282242,0.607356718233,0.307363421218,3.38400371895
B2CL1_HUMAN_2M04_A_holo_B2CL1_HUMAN_4QVE_A_holo,0.313407785368,0.169544823362,0.189255263434,0.0285389275919,0.128604135246,0.128605016659,0.0243711432178,0.71333709956,0.257923567609,3.53853014097
B2CL1_HUMAN_2M04_A_holo_B2CL1_HUMAN_4CIN_A_holo,-0.189378305125,0.189979588365,0.190555194718,0.0936882452015,0.233056573308,0.233063765361,0.17342446489,0.448078476106,0.085669165151,3.62613423081
B2CL1_HUMAN_1G5J_A_holo_B2CL1_HUMAN_2M04_A_holo,0.499471423226,0.133523194537,0.130035936683,0.111466614635,0.136351693108,0.136789085013,0.153425640662,0.726858975411,0.273608706033,4.53420023959
B2CL1_HUMAN_2M04_A_holo_B2CL1_HUMAN_5FMK_A_holo,0.597235825574,0.110205646362,0.123454068948,0.0136385186028,0.0364050489558,0.0364055928145,-0.0183692718409,0.688970907897,0.269994773791,4.74576375312
